cidade,ano,mes,dia,data,nivel,volume,nome,data_importacao
Formosa,2024,10,15,2024-10-15,55.22,1100,Descoberto,2024-11-29 22:27:42
Goiânia,2021,4,3,2021-04-03,64.21,4100,Meia Ponte,2024-11-29 22:27:42
Senador Canedo,2022,1,1,2022-01-01,20.97,800,Samambaia,2024-11-29 22:27:42
Senador Canedo,2022,12,26,2022-12-26,58.49,800,Samambaia,2024-11-29 22:27:42
Águas Lindas de Goiás,2019,4,8,2019-04-08,16.41,2900,Brasília,2024-11-29 22:27:42
Formosa,2021,5,19,2021-05-19,53.31,1100,Descoberto,2024-11-29 22:27:42
Senador Canedo,2023,4,22,2023-04-22,29.81,800,Samambaia,2024-11-29 22:27:42
Luziânia,2024,11,11,2024-11-11,43.6,3400,Corumbá IV,2024-11-29 22:27:42
Luziânia,2018,12,19,2018-12-19,28.63,3400,Corumbá IV,2024-11-29 22:27:42
Formosa,2023,1,17,2023-01-17,73.9,1100,Descoberto,2024-11-29 22:27:42
Jataí,2019,11,28,2019-11-28,83.53,1400,Paranaíba,2024-11-29 22:27:42
Formosa,2017,1,5,2017-01-05,99.7,1100,Descoberto,2024-11-29 22:27:42
Luziânia,2021,10,6,2021-10-06,22.5,3400,Corumbá IV,2024-11-29 22:27:42
Anápolis,2024,11,4,2024-11-04,75.77,2200,Capivari,2024-11-29 22:27:42
Goiânia,2020,8,15,2020-08-15,88.57,4100,Meia Ponte,2024-11-29 22:27:42
Formosa,2018,6,27,2018-06-27,8.05,1100,Descoberto,2024-11-29 22:27:42
Senador Canedo,2018,9,15,2018-09-15,53.32,800,Samambaia,2024-11-29 22:27:42
Águas Lindas de Goiás,2024,7,25,2024-07-25,88.91,2900,Brasília,2024-11-29 22:27:42
Goiânia,2023,1,11,2023-01-11,78.4,4100,Meia Ponte,2024-11-29 22:27:42
Águas Lindas de Goiás,2020,11,25,2020-11-25,48.19,2900,Brasília,2024-11-29 22:27:42
Águas Lindas de Goiás,2022,6,19,2022-06-19,74.67,2900,Brasília,2024-11-29 22:27:42
Goiânia,2021,4,25,2021-04-25,7.64,4100,Meia Ponte,2024-11-29 22:27:42
Anápolis,2022,12,25,2022-12-25,61.4,2200,Capivari,2024-11-29 22:27:42
Jataí,2019,12,26,2019-12-26,22.8,1400,Paranaíba,2024-11-29 22:27:42
Anápolis,2023,2,1,2023-02-01,44.21,2200,Capivari,2024-11-29 22:27:42
Catalão,2022,4,1,2022-04-01,71.8,1200,Batalha,2024-11-29 22:27:42
Rio Verde,2024,1,2,2024-01-02,3.02,1500,Verdão,2024-11-29 22:27:42
Catalão,2021,8,14,2021-08-14,77.96,1200,Batalha,2024-11-29 22:27:42
Rio Verde,2023,3,13,2023-03-13,63.69,1500,Verdão,2024-11-29 22:27:42
Formosa,2019,8,25,2019-08-25,3.48,1100,Descoberto,2024-11-29 22:27:42
Luziânia,2018,7,22,2018-07-22,29.24,3400,Corumbá IV,2024-11-29 22:27:42
Rio Verde,2020,12,15,2020-12-15,84.15,1500,Verdão,2024-11-29 22:27:42
Jataí,2022,10,27,2022-10-27,83.52,1400,Paranaíba,2024-11-29 22:27:42
Goiânia,2021,10,21,2021-10-21,40.9,4100,Meia Ponte,2024-11-29 22:27:42
Formosa,2023,3,18,2023-03-18,26.05,1100,Descoberto,2024-11-29 22:27:42
Rio Verde,2024,4,11,2024-04-11,13.78,1500,Verdão,2024-11-29 22:27:42
Luziânia,2021,12,5,2021-12-05,84.46,3400,Corumbá IV,2024-11-29 22:27:42
Luziânia,2024,8,20,2024-08-20,73.52,3400,Corumbá IV,2024-11-29 22:27:42
Anápolis,2017,9,4,2017-09-04,63.67,2200,Capivari,2024-11-29 22:27:42
Formosa,2023,10,21,2023-10-21,46.59,1100,Descoberto,2024-11-29 22:27:42
Luziânia,2018,11,25,2018-11-25,91.4,3400,Corumbá IV,2024-11-29 22:27:42
Águas Lindas de Goiás,2023,11,29,2023-11-29,70.52,2900,Brasília,2024-11-29 22:27:42
Jataí,2017,8,10,2017-08-10,13.26,1400,Paranaíba,2024-11-29 22:27:42
Formosa,2019,12,14,2019-12-14,53.2,1100,Descoberto,2024-11-29 22:27:42
Luziânia,2020,2,19,2020-02-19,28.25,3400,Corumbá IV,2024-11-29 22:27:42
Jataí,2017,1,7,2017-01-07,40.73,1400,Paranaíba,2024-11-29 22:27:42
Rio Verde,2017,9,5,2017-09-05,0.85,1500,Verdão,2024-11-29 22:27:42
Catalão,2024,11,15,2024-11-15,40.24,1200,Batalha,2024-11-29 22:27:42
Águas Lindas de Goiás,2024,6,6,2024-06-06,99.21,2900,Brasília,2024-11-29 22:27:42
Goiânia,2020,5,24,2020-05-24,57.28,4100,Meia Ponte,2024-11-29 22:27:42
Águas Lindas de Goiás,2022,7,24,2022-07-24,31.76,2900,Brasília,2024-11-29 22:27:42
Catalão,2023,6,28,2023-06-28,79.55,1200,Batalha,2024-11-29 22:27:42
Águas Lindas de Goiás,2019,6,22,2019-06-22,59.32,2900,Brasília,2024-11-29 22:27:42
Jataí,2024,10,14,2024-10-14,57.43,1400,Paranaíba,2024-11-29 22:27:42
Luziânia,2017,12,10,2017-12-10,38.47,3400,Corumbá IV,2024-11-29 22:27:42
Formosa,2017,9,29,2017-09-29,23.58,1100,Descoberto,2024-11-29 22:27:42
Rio Verde,2022,9,3,2022-09-03,37.26,1500,Verdão,2024-11-29 22:27:42
Formosa,2018,8,6,2018-08-06,40.27,1100,Descoberto,2024-11-29 22:27:42
Águas Lindas de Goiás,2020,9,24,2020-09-24,48.98,2900,Brasília,2024-11-29 22:27:42
Anápolis,2022,11,17,2022-11-17,15.78,2200,Capivari,2024-11-29 22:27:42
Luziânia,2018,4,6,2018-04-06,7.64,3400,Corumbá IV,2024-11-29 22:27:42
Senador Canedo,2023,12,7,2023-12-07,32.19,800,Samambaia,2024-11-29 22:27:42
Jataí,2019,8,14,2019-08-14,89.2,1400,Paranaíba,2024-11-29 22:27:42
Anápolis,2019,6,2,2019-06-02,86.73,2200,Capivari,2024-11-29 22:27:42
Senador Canedo,2018,11,12,2018-11-12,23.54,800,Samambaia,2024-11-29 22:27:42
Goiânia,2019,5,21,2019-05-21,71.26,4100,Meia Ponte,2024-11-29 22:27:42
Senador Canedo,2018,8,17,2018-08-17,78.47,800,Samambaia,2024-11-29 22:27:42
Formosa,2017,12,3,2017-12-03,7.78,1100,Descoberto,2024-11-29 22:27:42
Anápolis,2019,9,21,2019-09-21,67.5,2200,Capivari,2024-11-29 22:27:42
Luziânia,2022,7,16,2022-07-16,4.59,3400,Corumbá IV,2024-11-29 22:27:42
Itumbiara,2021,12,1,2021-12-01,20.59,17000,Itumbiara,2024-11-29 22:27:42
Anápolis,2021,2,28,2021-02-28,55.86,2200,Capivari,2024-11-29 22:27:42
Formosa,2018,7,11,2018-07-11,34.57,1100,Descoberto,2024-11-29 22:27:42
Senador Canedo,2022,6,20,2022-06-20,34.56,800,Samambaia,2024-11-29 22:27:42
Itumbiara,2020,10,14,2020-10-14,3.91,17000,Itumbiara,2024-11-29 22:27:42
Catalão,2018,11,15,2018-11-15,88.59,1200,Batalha,2024-11-29 22:27:42
Catalão,2020,1,10,2020-01-10,28.38,1200,Batalha,2024-11-29 22:27:42
Goiânia,2017,1,11,2017-01-11,46.34,4100,Meia Ponte,2024-11-29 22:27:42
Águas Lindas de Goiás,2020,11,26,2020-11-26,83.82,2900,Brasília,2024-11-29 22:27:42
Itumbiara,2023,7,22,2023-07-22,23.74,17000,Itumbiara,2024-11-29 22:27:42
Catalão,2024,5,17,2024-05-17,77.85,1200,Batalha,2024-11-29 22:27:42
Itumbiara,2021,6,6,2021-06-06,73.99,17000,Itumbiara,2024-11-29 22:27:42
Jataí,2023,4,16,2023-04-16,30.39,1400,Paranaíba,2024-11-29 22:27:42
Goiânia,2021,1,14,2021-01-14,3.38,4100,Meia Ponte,2024-11-29 22:27:42
Formosa,2017,7,14,2017-07-14,53.54,1100,Descoberto,2024-11-29 22:27:42
Itumbiara,2023,2,10,2023-02-10,7.61,17000,Itumbiara,2024-11-29 22:27:42
Águas Lindas de Goiás,2019,2,11,2019-02-11,59.71,2900,Brasília,2024-11-29 22:27:42
Itumbiara,2018,6,24,2018-06-24,80.13,17000,Itumbiara,2024-11-29 22:27:42
Senador Canedo,2019,2,20,2019-02-20,72.25,800,Samambaia,2024-11-29 22:27:42
Formosa,2018,10,11,2018-10-11,98.28,1100,Descoberto,2024-11-29 22:27:42
Goiânia,2018,9,22,2018-09-22,71.83,4100,Meia Ponte,2024-11-29 22:27:42
Catalão,2018,11,16,2018-11-16,48.46,1200,Batalha,2024-11-29 22:27:42
Rio Verde,2017,11,5,2017-11-05,37.55,1500,Verdão,2024-11-29 22:27:42
Águas Lindas de Goiás,2023,7,13,2023-07-13,75.08,2900,Brasília,2024-11-29 22:27:42
Anápolis,2024,4,1,2024-04-01,67.11,2200,Capivari,2024-11-29 22:27:42
Itumbiara,2022,5,31,2022-05-31,93.21,17000,Itumbiara,2024-11-29 22:27:42
Senador Canedo,2021,6,15,2021-06-15,98.41,800,Samambaia,2024-11-29 22:27:42
Itumbiara,2020,7,31,2020-07-31,2.46,17000,Itumbiara,2024-11-29 22:27:42
Senador Canedo,2023,2,17,2023-02-17,75.27,800,Samambaia,2024-11-29 22:27:42
Goiânia,2022,2,24,2022-02-24,57.73,4100,Meia Ponte,2024-11-29 22:27:42
Goiânia,2017,4,6,2017-04-06,13.58,4100,Meia Ponte,2024-11-29 22:27:42
Formosa,2023,8,13,2023-08-13,48.81,1100,Descoberto,2024-11-29 22:27:42
Anápolis,2022,1,4,2022-01-04,86.65,2200,Capivari,2024-11-29 22:27:42
Rio Verde,2023,3,1,2023-03-01,93.9,1500,Verdão,2024-11-29 22:27:42
Itumbiara,2024,5,13,2024-05-13,73.4,17000,Itumbiara,2024-11-29 22:27:42
Anápolis,2020,5,23,2020-05-23,17.85,2200,Capivari,2024-11-29 22:27:42
Senador Canedo,2018,12,9,2018-12-09,85.38,800,Samambaia,2024-11-29 22:27:42
Catalão,2020,1,13,2020-01-13,14.08,1200,Batalha,2024-11-29 22:27:42
Formosa,2022,3,14,2022-03-14,17.62,1100,Descoberto,2024-11-29 22:27:42
Jataí,2017,11,7,2017-11-07,98.59,1400,Paranaíba,2024-11-29 22:27:42
Águas Lindas de Goiás,2018,12,23,2018-12-23,69.68,2900,Brasília,2024-11-29 22:27:42
Anápolis,2021,6,1,2021-06-01,38.39,2200,Capivari,2024-11-29 22:27:42
Rio Verde,2018,5,27,2018-05-27,57.3,1500,Verdão,2024-11-29 22:27:42
Goiânia,2018,5,9,2018-05-09,20.63,4100,Meia Ponte,2024-11-29 22:27:42
Jataí,2024,5,16,2024-05-16,87.56,1400,Paranaíba,2024-11-29 22:27:42
Goiânia,2018,12,27,2018-12-27,31.91,4100,Meia Ponte,2024-11-29 22:27:42
Águas Lindas de Goiás,2021,9,6,2021-09-06,40.14,2900,Brasília,2024-11-29 22:27:42
Anápolis,2018,12,21,2018-12-21,31.5,2200,Capivari,2024-11-29 22:27:42
Goiânia,2022,4,23,2022-04-23,40.46,4100,Meia Ponte,2024-11-29 22:27:42
Catalão,2022,6,10,2022-06-10,61.34,1200,Batalha,2024-11-29 22:27:42
Águas Lindas de Goiás,2024,4,13,2024-04-13,18.42,2900,Brasília,2024-11-29 22:27:42
Rio Verde,2022,1,14,2022-01-14,20.94,1500,Verdão,2024-11-29 22:27:42
Rio Verde,2021,9,25,2021-09-25,78.51,1500,Verdão,2024-11-29 22:27:42
Goiânia,2018,10,9,2018-10-09,35.8,4100,Meia Ponte,2024-11-29 22:27:42
Catalão,2017,11,11,2017-11-11,86.97,1200,Batalha,2024-11-29 22:27:42
Rio Verde,2023,5,21,2023-05-21,27.26,1500,Verdão,2024-11-29 22:27:42
Senador Canedo,2020,3,19,2020-03-19,19.95,800,Samambaia,2024-11-29 22:27:42
Goiânia,2024,7,6,2024-07-06,81.08,4100,Meia Ponte,2024-11-29 22:27:42
Anápolis,2021,3,6,2021-03-06,5.63,2200,Capivari,2024-11-29 22:27:42
Senador Canedo,2020,10,15,2020-10-15,8.29,800,Samambaia,2024-11-29 22:27:42
Jataí,2020,12,22,2020-12-22,38.19,1400,Paranaíba,2024-11-29 22:27:42
Senador Canedo,2019,1,17,2019-01-17,97.98,800,Samambaia,2024-11-29 22:27:42
Jataí,2020,4,21,2020-04-21,71.39,1400,Paranaíba,2024-11-29 22:27:42
Jataí,2024,11,30,2024-11-30,70.6,1400,Paranaíba,2024-11-29 22:27:42
Luziânia,2018,2,6,2018-02-06,36.51,3400,Corumbá IV,2024-11-29 22:27:42
Águas Lindas de Goiás,2022,8,1,2022-08-01,95.2,2900,Brasília,2024-11-29 22:27:42
Anápolis,2020,3,26,2020-03-26,31.57,2200,Capivari,2024-11-29 22:27:42
Águas Lindas de Goiás,2024,10,27,2024-10-27,72.75,2900,Brasília,2024-11-29 22:27:42
Rio Verde,2022,5,31,2022-05-31,98.87,1500,Verdão,2024-11-29 22:27:42
Goiânia,2017,5,8,2017-05-08,38.39,4100,Meia Ponte,2024-11-29 22:27:42
Itumbiara,2019,4,23,2019-04-23,94.36,17000,Itumbiara,2024-11-29 22:27:42
Anápolis,2024,12,15,2024-12-15,47.28,2200,Capivari,2024-11-29 22:27:42
Águas Lindas de Goiás,2023,9,4,2023-09-04,74.1,2900,Brasília,2024-11-29 22:27:42
Águas Lindas de Goiás,2017,12,30,2017-12-30,8.23,2900,Brasília,2024-11-29 22:27:42
Goiânia,2018,3,20,2018-03-20,4.75,4100,Meia Ponte,2024-11-29 22:27:42
Itumbiara,2022,10,10,2022-10-10,26.97,17000,Itumbiara,2024-11-29 22:27:42
Catalão,2022,3,4,2022-03-04,18.75,1200,Batalha,2024-11-29 22:27:42
Itumbiara,2020,3,18,2020-03-18,78.96,17000,Itumbiara,2024-11-29 22:27:42
Formosa,2022,11,22,2022-11-22,19.86,1100,Descoberto,2024-11-29 22:27:42
Itumbiara,2017,4,17,2017-04-17,28.53,17000,Itumbiara,2024-11-29 22:27:42
Itumbiara,2022,10,10,2022-10-10,39.27,17000,Itumbiara,2024-11-29 22:27:42
Anápolis,2022,12,10,2022-12-10,98.87,2200,Capivari,2024-11-29 22:27:42
Goiânia,2020,3,7,2020-03-07,9.92,4100,Meia Ponte,2024-11-29 22:27:42
Itumbiara,2024,2,9,2024-02-09,38.09,17000,Itumbiara,2024-11-29 22:27:42
Rio Verde,2021,5,20,2021-05-20,54.85,1500,Verdão,2024-11-29 22:27:42
Luziânia,2018,9,3,2018-09-03,41.62,3400,Corumbá IV,2024-11-29 22:27:42
Anápolis,2024,7,9,2024-07-09,12.81,2200,Capivari,2024-11-29 22:27:42
Anápolis,2023,7,10,2023-07-10,31.82,2200,Capivari,2024-11-29 22:27:42
Jataí,2020,5,21,2020-05-21,76.06,1400,Paranaíba,2024-11-29 22:27:42
Rio Verde,2022,3,3,2022-03-03,89.28,1500,Verdão,2024-11-29 22:27:42
Anápolis,2018,1,15,2018-01-15,20.36,2200,Capivari,2024-11-29 22:27:42
Anápolis,2021,9,5,2021-09-05,3.29,2200,Capivari,2024-11-29 22:27:42
Catalão,2018,7,12,2018-07-12,32.94,1200,Batalha,2024-11-29 22:27:42
Águas Lindas de Goiás,2019,5,7,2019-05-07,7.37,2900,Brasília,2024-11-29 22:27:42
Luziânia,2024,1,17,2024-01-17,39.42,3400,Corumbá IV,2024-11-29 22:27:42
Anápolis,2019,11,3,2019-11-03,27.96,2200,Capivari,2024-11-29 22:27:42
Catalão,2021,3,4,2021-03-04,84.17,1200,Batalha,2024-11-29 22:27:42
Itumbiara,2018,12,1,2018-12-01,60.96,17000,Itumbiara,2024-11-29 22:27:42
Jataí,2020,6,5,2020-06-05,27.21,1400,Paranaíba,2024-11-29 22:27:42
Itumbiara,2019,1,25,2019-01-25,66.39,17000,Itumbiara,2024-11-29 22:27:42
Formosa,2024,8,24,2024-08-24,71.82,1100,Descoberto,2024-11-29 22:27:42
Águas Lindas de Goiás,2021,8,5,2021-08-05,94.46,2900,Brasília,2024-11-29 22:27:42
Luziânia,2017,9,12,2017-09-12,72.29,3400,Corumbá IV,2024-11-29 22:27:42
Anápolis,2022,9,20,2022-09-20,0.5,2200,Capivari,2024-11-29 22:27:42
Anápolis,2018,12,1,2018-12-01,81.09,2200,Capivari,2024-11-29 22:27:42
Anápolis,2022,12,25,2022-12-25,97.18,2200,Capivari,2024-11-29 22:27:42
Senador Canedo,2022,7,7,2022-07-07,98.39,800,Samambaia,2024-11-29 22:27:42
Formosa,2019,4,21,2019-04-21,16.08,1100,Descoberto,2024-11-29 22:27:42
Goiânia,2020,4,16,2020-04-16,88.71,4100,Meia Ponte,2024-11-29 22:27:42
Senador Canedo,2023,10,1,2023-10-01,16.84,800,Samambaia,2024-11-29 22:27:42
Formosa,2020,10,16,2020-10-16,0.09,1100,Descoberto,2024-11-29 22:27:42
Formosa,2023,11,4,2023-11-04,43.72,1100,Descoberto,2024-11-29 22:27:42
Jataí,2021,7,28,2021-07-28,14.75,1400,Paranaíba,2024-11-29 22:27:42
Luziânia,2022,3,6,2022-03-06,88.64,3400,Corumbá IV,2024-11-29 22:27:42
Itumbiara,2020,10,28,2020-10-28,59.37,17000,Itumbiara,2024-11-29 22:27:42
Formosa,2020,6,5,2020-06-05,98.81,1100,Descoberto,2024-11-29 22:27:42
Goiânia,2019,12,14,2019-12-14,8.39,4100,Meia Ponte,2024-11-29 22:27:42
Águas Lindas de Goiás,2018,1,3,2018-01-03,99.44,2900,Brasília,2024-11-29 22:27:42
Águas Lindas de Goiás,2022,1,22,2022-01-22,11.91,2900,Brasília,2024-11-29 22:27:42
Águas Lindas de Goiás,2021,9,10,2021-09-10,45.4,2900,Brasília,2024-11-29 22:27:42
Águas Lindas de Goiás,2021,8,11,2021-08-11,95.46,2900,Brasília,2024-11-29 22:27:42
Rio Verde,2022,12,1,2022-12-01,26.65,1500,Verdão,2024-11-29 22:27:42
Jataí,2020,1,20,2020-01-20,14.18,1400,Paranaíba,2024-11-29 22:27:42
Goiânia,2020,4,20,2020-04-20,79.85,4100,Meia Ponte,2024-11-29 22:27:42
Anápolis,2020,6,1,2020-06-01,21.8,2200,Capivari,2024-11-29 22:27:42
Jataí,2017,9,21,2017-09-21,69.43,1400,Paranaíba,2024-11-29 22:27:42
Goiânia,2018,4,13,2018-04-13,38.12,4100,Meia Ponte,2024-11-29 22:27:42
Rio Verde,2017,11,16,2017-11-16,56.55,1500,Verdão,2024-11-29 22:27:42
Goiânia,2018,7,6,2018-07-06,66.32,4100,Meia Ponte,2024-11-29 22:27:42
Itumbiara,2018,6,6,2018-06-06,67.56,17000,Itumbiara,2024-11-29 22:27:42
Rio Verde,2019,3,16,2019-03-16,62.89,1500,Verdão,2024-11-29 22:27:42
Luziânia,2024,6,2,2024-06-02,14.57,3400,Corumbá IV,2024-11-29 22:27:42
Goiânia,2020,6,26,2020-06-26,50.45,4100,Meia Ponte,2024-11-29 22:27:42
Águas Lindas de Goiás,2018,7,18,2018-07-18,84.74,2900,Brasília,2024-11-29 22:27:42
Rio Verde,2020,4,29,2020-04-29,29.62,1500,Verdão,2024-11-29 22:27:42
Itumbiara,2018,5,24,2018-05-24,84.12,17000,Itumbiara,2024-11-29 22:27:42
Itumbiara,2019,8,16,2019-08-16,67.99,17000,Itumbiara,2024-11-29 22:27:42
Águas Lindas de Goiás,2017,2,12,2017-02-12,61.79,2900,Brasília,2024-11-29 22:27:42
Senador Canedo,2020,2,17,2020-02-17,32.74,800,Samambaia,2024-11-29 22:27:42
Águas Lindas de Goiás,2022,6,29,2022-06-29,88.04,2900,Brasília,2024-11-29 22:27:42
Águas Lindas de Goiás,2017,7,4,2017-07-04,15.16,2900,Brasília,2024-11-29 22:27:42
Formosa,2022,7,15,2022-07-15,35.9,1100,Descoberto,2024-11-29 22:27:42
Itumbiara,2023,9,3,2023-09-03,89.07,17000,Itumbiara,2024-11-29 22:27:42
Catalão,2022,11,2,2022-11-02,6.6,1200,Batalha,2024-11-29 22:27:42
Formosa,2019,9,19,2019-09-19,97.13,1100,Descoberto,2024-11-29 22:27:42
Rio Verde,2020,7,18,2020-07-18,67.66,1500,Verdão,2024-11-29 22:27:42
Senador Canedo,2017,9,12,2017-09-12,45.74,800,Samambaia,2024-11-29 22:27:42
Formosa,2022,8,24,2022-08-24,87.17,1100,Descoberto,2024-11-29 22:27:42
Rio Verde,2023,7,8,2023-07-08,33.65,1500,Verdão,2024-11-29 22:27:42
Catalão,2024,8,28,2024-08-28,12.41,1200,Batalha,2024-11-29 22:27:42
Senador Canedo,2024,7,10,2024-07-10,66.87,800,Samambaia,2024-11-29 22:27:42
Catalão,2018,11,19,2018-11-19,2.62,1200,Batalha,2024-11-29 22:27:42
Senador Canedo,2024,1,30,2024-01-30,11.46,800,Samambaia,2024-11-29 22:27:42
Rio Verde,2021,5,6,2021-05-06,61.94,1500,Verdão,2024-11-29 22:27:42
Jataí,2020,1,13,2020-01-13,1.49,1400,Paranaíba,2024-11-29 22:27:42
Catalão,2024,1,5,2024-01-05,79.55,1200,Batalha,2024-11-29 22:27:42
Luziânia,2024,12,16,2024-12-16,49.32,3400,Corumbá IV,2024-11-29 22:27:42
Águas Lindas de Goiás,2023,8,21,2023-08-21,82.04,2900,Brasília,2024-11-29 22:27:42
Formosa,2021,1,12,2021-01-12,87.92,1100,Descoberto,2024-11-29 22:27:42
Goiânia,2021,1,28,2021-01-28,67.47,4100,Meia Ponte,2024-11-29 22:27:42
Rio Verde,2022,3,23,2022-03-23,23.58,1500,Verdão,2024-11-29 22:27:42
Anápolis,2018,10,19,2018-10-19,73.73,2200,Capivari,2024-11-29 22:27:42
Goiânia,2017,11,22,2017-11-22,70.03,4100,Meia Ponte,2024-11-29 22:27:42
Luziânia,2020,5,14,2020-05-14,38.98,3400,Corumbá IV,2024-11-29 22:27:42
Anápolis,2017,8,26,2017-08-26,14.12,2200,Capivari,2024-11-29 22:27:42
Catalão,2017,11,14,2017-11-14,66.71,1200,Batalha,2024-11-29 22:27:42
Anápolis,2017,6,26,2017-06-26,33.67,2200,Capivari,2024-11-29 22:27:42
Itumbiara,2020,11,12,2020-11-12,76.0,17000,Itumbiara,2024-11-29 22:27:42
Jataí,2018,7,4,2018-07-04,43.98,1400,Paranaíba,2024-11-29 22:27:42
Itumbiara,2019,10,22,2019-10-22,83.53,17000,Itumbiara,2024-11-29 22:27:42
Senador Canedo,2017,12,27,2017-12-27,44.52,800,Samambaia,2024-11-29 22:27:42
Formosa,2021,7,30,2021-07-30,72.57,1100,Descoberto,2024-11-29 22:27:42
Senador Canedo,2024,1,28,2024-01-28,7.94,800,Samambaia,2024-11-29 22:27:42
Rio Verde,2020,11,28,2020-11-28,38.37,1500,Verdão,2024-11-29 22:27:42
Águas Lindas de Goiás,2017,4,13,2017-04-13,42.84,2900,Brasília,2024-11-29 22:27:42
Itumbiara,2022,6,30,2022-06-30,37.33,17000,Itumbiara,2024-11-29 22:27:42
Itumbiara,2024,9,20,2024-09-20,83.09,17000,Itumbiara,2024-11-29 22:27:42
Rio Verde,2022,1,20,2022-01-20,65.9,1500,Verdão,2024-11-29 22:27:42
Anápolis,2022,11,28,2022-11-28,18.98,2200,Capivari,2024-11-29 22:27:42
Rio Verde,2023,7,29,2023-07-29,19.0,1500,Verdão,2024-11-29 22:27:42
Jataí,2018,3,13,2018-03-13,59.05,1400,Paranaíba,2024-11-29 22:27:42
Goiânia,2023,5,8,2023-05-08,87.83,4100,Meia Ponte,2024-11-29 22:27:42
Jataí,2020,1,5,2020-01-05,95.75,1400,Paranaíba,2024-11-29 22:27:42
Senador Canedo,2018,12,27,2018-12-27,92.69,800,Samambaia,2024-11-29 22:27:42
Itumbiara,2018,9,5,2018-09-05,44.45,17000,Itumbiara,2024-11-29 22:27:42
Rio Verde,2021,1,10,2021-01-10,53.57,1500,Verdão,2024-11-29 22:27:42
Águas Lindas de Goiás,2021,9,11,2021-09-11,83.95,2900,Brasília,2024-11-29 22:27:42
Anápolis,2020,6,4,2020-06-04,87.84,2200,Capivari,2024-11-29 22:27:42
Formosa,2022,5,16,2022-05-16,87.26,1100,Descoberto,2024-11-29 22:27:42
Luziânia,2022,2,11,2022-02-11,72.16,3400,Corumbá IV,2024-11-29 22:27:42
Senador Canedo,2018,11,15,2018-11-15,43.03,800,Samambaia,2024-11-29 22:27:42
Itumbiara,2020,6,26,2020-06-26,98.24,17000,Itumbiara,2024-11-29 22:27:42
Luziânia,2020,11,28,2020-11-28,87.56,3400,Corumbá IV,2024-11-29 22:27:42
Rio Verde,2021,11,28,2021-11-28,59.18,1500,Verdão,2024-11-29 22:27:42
Rio Verde,2023,4,25,2023-04-25,92.98,1500,Verdão,2024-11-29 22:27:42
Águas Lindas de Goiás,2022,12,22,2022-12-22,82.51,2900,Brasília,2024-11-29 22:27:42
Jataí,2018,10,3,2018-10-03,27.87,1400,Paranaíba,2024-11-29 22:27:42
Luziânia,2021,10,11,2021-10-11,59.02,3400,Corumbá IV,2024-11-29 22:27:42
Anápolis,2024,10,3,2024-10-03,84.58,2200,Capivari,2024-11-29 22:27:42
Catalão,2018,2,17,2018-02-17,46.49,1200,Batalha,2024-11-29 22:27:42
Catalão,2019,1,26,2019-01-26,32.14,1200,Batalha,2024-11-29 22:27:42
Itumbiara,2018,1,17,2018-01-17,65.82,17000,Itumbiara,2024-11-29 22:27:42
Formosa,2021,6,27,2021-06-27,83.21,1100,Descoberto,2024-11-29 22:27:42
Rio Verde,2022,8,29,2022-08-29,42.71,1500,Verdão,2024-11-29 22:27:42
Senador Canedo,2018,5,2,2018-05-02,82.37,800,Samambaia,2024-11-29 22:27:42
Itumbiara,2017,3,3,2017-03-03,70.95,17000,Itumbiara,2024-11-29 22:27:42
Catalão,2018,9,27,2018-09-27,47.92,1200,Batalha,2024-11-29 22:27:42
Rio Verde,2018,7,27,2018-07-27,70.48,1500,Verdão,2024-11-29 22:27:42
Goiânia,2017,9,14,2017-09-14,64.8,4100,Meia Ponte,2024-11-29 22:27:42
Luziânia,2023,8,4,2023-08-04,85.64,3400,Corumbá IV,2024-11-29 22:27:42
Formosa,2018,8,10,2018-08-10,11.84,1100,Descoberto,2024-11-29 22:27:42
Senador Canedo,2024,5,17,2024-05-17,81.88,800,Samambaia,2024-11-29 22:27:42
Goiânia,2020,2,27,2020-02-27,19.58,4100,Meia Ponte,2024-11-29 22:27:42
Itumbiara,2017,5,6,2017-05-06,68.98,17000,Itumbiara,2024-11-29 22:27:42
Goiânia,2017,3,7,2017-03-07,91.26,4100,Meia Ponte,2024-11-29 22:27:42
Luziânia,2024,3,13,2024-03-13,8.55,3400,Corumbá IV,2024-11-29 22:27:42
Formosa,2023,6,24,2023-06-24,72.69,1100,Descoberto,2024-11-29 22:27:42
Rio Verde,2017,9,24,2017-09-24,25.92,1500,Verdão,2024-11-29 22:27:42
Águas Lindas de Goiás,2023,5,19,2023-05-19,65.02,2900,Brasília,2024-11-29 22:27:42
Luziânia,2020,4,3,2020-04-03,22.95,3400,Corumbá IV,2024-11-29 22:27:42
Itumbiara,2022,10,27,2022-10-27,65.48,17000,Itumbiara,2024-11-29 22:27:42
Águas Lindas de Goiás,2019,5,17,2019-05-17,58.84,2900,Brasília,2024-11-29 22:27:42
Catalão,2020,5,16,2020-05-16,42.82,1200,Batalha,2024-11-29 22:27:42
Rio Verde,2019,8,25,2019-08-25,36.1,1500,Verdão,2024-11-29 22:27:42
Luziânia,2017,9,29,2017-09-29,77.38,3400,Corumbá IV,2024-11-29 22:27:42
Itumbiara,2021,7,23,2021-07-23,11.95,17000,Itumbiara,2024-11-29 22:27:42
Itumbiara,2020,3,12,2020-03-12,72.47,17000,Itumbiara,2024-11-29 22:27:42
Itumbiara,2019,8,23,2019-08-23,32.29,17000,Itumbiara,2024-11-29 22:27:42
Senador Canedo,2023,6,22,2023-06-22,23.29,800,Samambaia,2024-11-29 22:27:42
Luziânia,2024,5,29,2024-05-29,5.97,3400,Corumbá IV,2024-11-29 22:27:42
Formosa,2021,1,24,2021-01-24,4.46,1100,Descoberto,2024-11-29 22:27:42
Itumbiara,2022,2,14,2022-02-14,45.91,17000,Itumbiara,2024-11-29 22:27:42
Luziânia,2017,1,15,2017-01-15,41.77,3400,Corumbá IV,2024-11-29 22:27:42
Anápolis,2019,3,2,2019-03-02,1.47,2200,Capivari,2024-11-29 22:27:42
Anápolis,2017,9,30,2017-09-30,76.01,2200,Capivari,2024-11-29 22:27:42
Luziânia,2023,11,29,2023-11-29,36.27,3400,Corumbá IV,2024-11-29 22:27:42
Anápolis,2018,3,25,2018-03-25,40.41,2200,Capivari,2024-11-29 22:27:42
Formosa,2021,3,5,2021-03-05,32.72,1100,Descoberto,2024-11-29 22:27:42
Itumbiara,2022,5,29,2022-05-29,10.93,17000,Itumbiara,2024-11-29 22:27:42
Rio Verde,2019,5,9,2019-05-09,35.53,1500,Verdão,2024-11-29 22:27:42
Rio Verde,2019,11,22,2019-11-22,62.97,1500,Verdão,2024-11-29 22:27:42
Itumbiara,2023,8,6,2023-08-06,65.55,17000,Itumbiara,2024-11-29 22:27:42
Rio Verde,2018,8,13,2018-08-13,9.45,1500,Verdão,2024-11-29 22:27:42
Rio Verde,2024,1,2,2024-01-02,36.25,1500,Verdão,2024-11-29 22:27:42
Luziânia,2020,6,17,2020-06-17,60.63,3400,Corumbá IV,2024-11-29 22:27:42
Anápolis,2018,11,11,2018-11-11,92.92,2200,Capivari,2024-11-29 22:27:42
Goiânia,2022,2,19,2022-02-19,44.15,4100,Meia Ponte,2024-11-29 22:27:42
Jataí,2021,4,21,2021-04-21,43.39,1400,Paranaíba,2024-11-29 22:27:42
Formosa,2021,3,27,2021-03-27,26.91,1100,Descoberto,2024-11-29 22:27:42
Goiânia,2020,9,13,2020-09-13,88.58,4100,Meia Ponte,2024-11-29 22:27:42
Jataí,2024,11,12,2024-11-12,28.23,1400,Paranaíba,2024-11-29 22:27:42
Senador Canedo,2024,9,3,2024-09-03,98.95,800,Samambaia,2024-11-29 22:27:42
Anápolis,2024,2,19,2024-02-19,50.94,2200,Capivari,2024-11-29 22:27:42
Jataí,2024,8,13,2024-08-13,38.18,1400,Paranaíba,2024-11-29 22:27:42
Itumbiara,2021,2,27,2021-02-27,62.98,17000,Itumbiara,2024-11-29 22:27:42
Senador Canedo,2023,4,15,2023-04-15,77.08,800,Samambaia,2024-11-29 22:27:42
Senador Canedo,2018,7,31,2018-07-31,99.48,800,Samambaia,2024-11-29 22:27:42
Águas Lindas de Goiás,2020,3,30,2020-03-30,17.19,2900,Brasília,2024-11-29 22:27:42
Rio Verde,2018,5,9,2018-05-09,43.23,1500,Verdão,2024-11-29 22:27:42
Luziânia,2017,10,31,2017-10-31,41.77,3400,Corumbá IV,2024-11-29 22:27:42
Goiânia,2018,10,27,2018-10-27,70.34,4100,Meia Ponte,2024-11-29 22:27:42
Goiânia,2022,4,3,2022-04-03,87.53,4100,Meia Ponte,2024-11-29 22:27:42
Águas Lindas de Goiás,2023,3,13,2023-03-13,80.36,2900,Brasília,2024-11-29 22:27:42
Anápolis,2018,10,24,2018-10-24,48.17,2200,Capivari,2024-11-29 22:27:42
Itumbiara,2020,10,8,2020-10-08,31.21,17000,Itumbiara,2024-11-29 22:27:42
Goiânia,2019,1,29,2019-01-29,9.01,4100,Meia Ponte,2024-11-29 22:27:42
Catalão,2023,5,11,2023-05-11,35.07,1200,Batalha,2024-11-29 22:27:42
Anápolis,2022,4,3,2022-04-03,46.33,2200,Capivari,2024-11-29 22:27:42
Luziânia,2018,10,4,2018-10-04,61.87,3400,Corumbá IV,2024-11-29 22:27:42
Rio Verde,2019,6,3,2019-06-03,6.69,1500,Verdão,2024-11-29 22:27:42
Anápolis,2020,5,3,2020-05-03,71.61,2200,Capivari,2024-11-29 22:27:42
Luziânia,2021,4,23,2021-04-23,18.12,3400,Corumbá IV,2024-11-29 22:27:42
Itumbiara,2024,10,11,2024-10-11,85.4,17000,Itumbiara,2024-11-29 22:27:42
Goiânia,2018,9,11,2018-09-11,54.67,4100,Meia Ponte,2024-11-29 22:27:42
Formosa,2020,2,13,2020-02-13,5.37,1100,Descoberto,2024-11-29 22:27:42
Rio Verde,2022,2,14,2022-02-14,99.75,1500,Verdão,2024-11-29 22:27:42
Anápolis,2021,4,16,2021-04-16,26.76,2200,Capivari,2024-11-29 22:27:42
Anápolis,2024,7,12,2024-07-12,12.05,2200,Capivari,2024-11-29 22:27:42
Goiânia,2021,12,18,2021-12-18,22.53,4100,Meia Ponte,2024-11-29 22:27:42
Senador Canedo,2023,4,16,2023-04-16,98.43,800,Samambaia,2024-11-29 22:27:42
Formosa,2017,8,23,2017-08-23,59.67,1100,Descoberto,2024-11-29 22:27:42
Itumbiara,2022,10,11,2022-10-11,19.34,17000,Itumbiara,2024-11-29 22:27:42
Senador Canedo,2019,3,11,2019-03-11,22.84,800,Samambaia,2024-11-29 22:27:42
Anápolis,2017,6,24,2017-06-24,17.8,2200,Capivari,2024-11-29 22:27:42
Catalão,2017,1,10,2017-01-10,32.31,1200,Batalha,2024-11-29 22:27:42
Anápolis,2024,5,3,2024-05-03,2.38,2200,Capivari,2024-11-29 22:27:42
Rio Verde,2024,11,9,2024-11-09,57.78,1500,Verdão,2024-11-29 22:27:42
Rio Verde,2018,3,8,2018-03-08,7.93,1500,Verdão,2024-11-29 22:27:42
Jataí,2019,7,17,2019-07-17,81.17,1400,Paranaíba,2024-11-29 22:27:42
Catalão,2020,10,25,2020-10-25,79.14,1200,Batalha,2024-11-29 22:27:42
Luziânia,2018,10,15,2018-10-15,28.65,3400,Corumbá IV,2024-11-29 22:27:42
Formosa,2022,7,29,2022-07-29,80.55,1100,Descoberto,2024-11-29 22:27:42
Jataí,2021,10,6,2021-10-06,29.0,1400,Paranaíba,2024-11-29 22:27:42
Senador Canedo,2021,11,2,2021-11-02,57.61,800,Samambaia,2024-11-29 22:27:42
Senador Canedo,2020,9,1,2020-09-01,92.88,800,Samambaia,2024-11-29 22:27:42
Catalão,2017,1,10,2017-01-10,41.69,1200,Batalha,2024-11-29 22:27:42
Goiânia,2019,2,15,2019-02-15,84.31,4100,Meia Ponte,2024-11-29 22:27:42
Águas Lindas de Goiás,2022,3,18,2022-03-18,60.95,2900,Brasília,2024-11-29 22:27:42
Senador Canedo,2018,3,15,2018-03-15,0.95,800,Samambaia,2024-11-29 22:27:42
Luziânia,2020,4,27,2020-04-27,70.84,3400,Corumbá IV,2024-11-29 22:27:42
Luziânia,2023,7,6,2023-07-06,41.76,3400,Corumbá IV,2024-11-29 22:27:42
Itumbiara,2018,10,5,2018-10-05,72.49,17000,Itumbiara,2024-11-29 22:27:42
Anápolis,2021,8,17,2021-08-17,62.5,2200,Capivari,2024-11-29 22:27:42
Itumbiara,2019,6,24,2019-06-24,23.48,17000,Itumbiara,2024-11-29 22:27:42
Goiânia,2022,5,13,2022-05-13,8.11,4100,Meia Ponte,2024-11-29 22:27:42
Águas Lindas de Goiás,2020,12,1,2020-12-01,96.04,2900,Brasília,2024-11-29 22:27:42
Jataí,2018,8,7,2018-08-07,84.61,1400,Paranaíba,2024-11-29 22:27:42
Jataí,2023,9,2,2023-09-02,29.16,1400,Paranaíba,2024-11-29 22:27:42
Anápolis,2023,9,21,2023-09-21,59.46,2200,Capivari,2024-11-29 22:27:42
Itumbiara,2021,6,18,2021-06-18,78.93,17000,Itumbiara,2024-11-29 22:27:42
Luziânia,2018,10,10,2018-10-10,69.63,3400,Corumbá IV,2024-11-29 22:27:42
Luziânia,2023,11,18,2023-11-18,0.23,3400,Corumbá IV,2024-11-29 22:27:42
Rio Verde,2021,12,16,2021-12-16,93.07,1500,Verdão,2024-11-29 22:27:42
Anápolis,2018,12,5,2018-12-05,17.33,2200,Capivari,2024-11-29 22:27:42
Senador Canedo,2021,11,5,2021-11-05,62.6,800,Samambaia,2024-11-29 22:27:42
Luziânia,2023,5,18,2023-05-18,49.42,3400,Corumbá IV,2024-11-29 22:27:42
Catalão,2019,5,31,2019-05-31,63.49,1200,Batalha,2024-11-29 22:27:42
Rio Verde,2019,6,6,2019-06-06,73.06,1500,Verdão,2024-11-29 22:27:42
Jataí,2021,10,13,2021-10-13,77.15,1400,Paranaíba,2024-11-29 22:27:42
Formosa,2022,5,14,2022-05-14,96.89,1100,Descoberto,2024-11-29 22:27:42
Águas Lindas de Goiás,2018,10,2,2018-10-02,11.95,2900,Brasília,2024-11-29 22:27:42
Itumbiara,2020,6,18,2020-06-18,84.44,17000,Itumbiara,2024-11-29 22:27:42
Senador Canedo,2023,8,18,2023-08-18,4.37,800,Samambaia,2024-11-29 22:27:42
Águas Lindas de Goiás,2024,12,6,2024-12-06,97.97,2900,Brasília,2024-11-29 22:27:42
Formosa,2021,5,20,2021-05-20,18.66,1100,Descoberto,2024-11-29 22:27:42
Luziânia,2022,9,15,2022-09-15,77.85,3400,Corumbá IV,2024-11-29 22:27:42
Rio Verde,2017,4,16,2017-04-16,50.5,1500,Verdão,2024-11-29 22:27:42
Águas Lindas de Goiás,2024,5,28,2024-05-28,30.07,2900,Brasília,2024-11-29 22:27:42
Luziânia,2021,7,17,2021-07-17,45.85,3400,Corumbá IV,2024-11-29 22:27:42
Catalão,2019,12,7,2019-12-07,24.59,1200,Batalha,2024-11-29 22:27:42
Anápolis,2024,3,26,2024-03-26,45.9,2200,Capivari,2024-11-29 22:27:42
Anápolis,2019,5,4,2019-05-04,5.96,2200,Capivari,2024-11-29 22:27:42
Anápolis,2023,6,24,2023-06-24,66.74,2200,Capivari,2024-11-29 22:27:42
Anápolis,2024,9,9,2024-09-09,93.26,2200,Capivari,2024-11-29 22:27:42
Senador Canedo,2017,9,15,2017-09-15,99.02,800,Samambaia,2024-11-29 22:27:42
Jataí,2020,4,26,2020-04-26,60.64,1400,Paranaíba,2024-11-29 22:27:42
Senador Canedo,2022,2,16,2022-02-16,54.53,800,Samambaia,2024-11-29 22:27:42
Catalão,2019,11,4,2019-11-04,22.16,1200,Batalha,2024-11-29 22:27:42
Jataí,2024,1,23,2024-01-23,43.73,1400,Paranaíba,2024-11-29 22:27:42
Goiânia,2024,2,6,2024-02-06,60.64,4100,Meia Ponte,2024-11-29 22:27:42
Itumbiara,2022,9,2,2022-09-02,6.19,17000,Itumbiara,2024-11-29 22:27:42
Goiânia,2021,9,22,2021-09-22,14.36,4100,Meia Ponte,2024-11-29 22:27:42
Jataí,2018,8,30,2018-08-30,90.99,1400,Paranaíba,2024-11-29 22:27:42
Goiânia,2019,9,29,2019-09-29,95.2,4100,Meia Ponte,2024-11-29 22:27:42
Goiânia,2023,10,4,2023-10-04,39.12,4100,Meia Ponte,2024-11-29 22:27:42
Rio Verde,2017,8,9,2017-08-09,50.06,1500,Verdão,2024-11-29 22:27:42
Jataí,2020,3,19,2020-03-19,43.13,1400,Paranaíba,2024-11-29 22:27:42
Luziânia,2024,10,26,2024-10-26,15.85,3400,Corumbá IV,2024-11-29 22:27:42
Jataí,2020,3,19,2020-03-19,27.04,1400,Paranaíba,2024-11-29 22:27:42
Rio Verde,2018,6,24,2018-06-24,46.95,1500,Verdão,2024-11-29 22:27:42
Senador Canedo,2024,6,6,2024-06-06,43.94,800,Samambaia,2024-11-29 22:27:42
Águas Lindas de Goiás,2024,7,1,2024-07-01,9.7,2900,Brasília,2024-11-29 22:27:42
Goiânia,2023,2,18,2023-02-18,10.75,4100,Meia Ponte,2024-11-29 22:27:42
Goiânia,2022,8,6,2022-08-06,87.14,4100,Meia Ponte,2024-11-29 22:27:42
Jataí,2018,9,11,2018-09-11,69.25,1400,Paranaíba,2024-11-29 22:27:42
Jataí,2018,10,10,2018-10-10,55.42,1400,Paranaíba,2024-11-29 22:27:42
Goiânia,2023,10,14,2023-10-14,16.18,4100,Meia Ponte,2024-11-29 22:27:42
Águas Lindas de Goiás,2024,3,7,2024-03-07,52.8,2900,Brasília,2024-11-29 22:27:42
Águas Lindas de Goiás,2017,4,5,2017-04-05,51.67,2900,Brasília,2024-11-29 22:27:42
Formosa,2017,3,3,2017-03-03,71.65,1100,Descoberto,2024-11-29 22:27:42
Formosa,2021,6,11,2021-06-11,93.78,1100,Descoberto,2024-11-29 22:27:42
Jataí,2024,3,16,2024-03-16,83.75,1400,Paranaíba,2024-11-29 22:27:42
Catalão,2017,6,5,2017-06-05,86.76,1200,Batalha,2024-11-29 22:27:42
Formosa,2019,8,11,2019-08-11,57.5,1100,Descoberto,2024-11-29 22:27:42
Anápolis,2022,10,20,2022-10-20,72.94,2200,Capivari,2024-11-29 22:27:42
Senador Canedo,2021,7,20,2021-07-20,39.0,800,Samambaia,2024-11-29 22:27:42
Jataí,2017,5,5,2017-05-05,5.9,1400,Paranaíba,2024-11-29 22:27:42
Senador Canedo,2020,8,19,2020-08-19,50.41,800,Samambaia,2024-11-29 22:27:42
Goiânia,2023,12,1,2023-12-01,99.69,4100,Meia Ponte,2024-11-29 22:27:42
Águas Lindas de Goiás,2024,5,29,2024-05-29,84.48,2900,Brasília,2024-11-29 22:27:42
Goiânia,2023,3,16,2023-03-16,21.97,4100,Meia Ponte,2024-11-29 22:27:42
Luziânia,2019,5,10,2019-05-10,66.52,3400,Corumbá IV,2024-11-29 22:27:42
Goiânia,2023,2,14,2023-02-14,99.51,4100,Meia Ponte,2024-11-29 22:27:42
Jataí,2020,5,9,2020-05-09,59.28,1400,Paranaíba,2024-11-29 22:27:42
Águas Lindas de Goiás,2024,10,21,2024-10-21,36.34,2900,Brasília,2024-11-29 22:27:42
Águas Lindas de Goiás,2023,12,12,2023-12-12,70.27,2900,Brasília,2024-11-29 22:27:42
Goiânia,2020,1,3,2020-01-03,94.53,4100,Meia Ponte,2024-11-29 22:27:42
Jataí,2017,5,17,2017-05-17,72.33,1400,Paranaíba,2024-11-29 22:27:42
Goiânia,2022,8,19,2022-08-19,21.21,4100,Meia Ponte,2024-11-29 22:27:42
Senador Canedo,2019,6,28,2019-06-28,4.26,800,Samambaia,2024-11-29 22:27:42
Goiânia,2024,11,14,2024-11-14,34.1,4100,Meia Ponte,2024-11-29 22:27:42
Senador Canedo,2019,3,16,2019-03-16,47.76,800,Samambaia,2024-11-29 22:27:42
Catalão,2022,6,24,2022-06-24,0.32,1200,Batalha,2024-11-29 22:27:42
Rio Verde,2020,11,25,2020-11-25,36.18,1500,Verdão,2024-11-29 22:27:42
Luziânia,2020,4,15,2020-04-15,30.58,3400,Corumbá IV,2024-11-29 22:27:42
Goiânia,2018,3,4,2018-03-04,23.43,4100,Meia Ponte,2024-11-29 22:27:42
Itumbiara,2021,8,13,2021-08-13,0.54,17000,Itumbiara,2024-11-29 22:27:42
Luziânia,2019,3,24,2019-03-24,36.02,3400,Corumbá IV,2024-11-29 22:27:42
Rio Verde,2021,11,25,2021-11-25,73.26,1500,Verdão,2024-11-29 22:27:42
Senador Canedo,2017,9,18,2017-09-18,76.53,800,Samambaia,2024-11-29 22:27:42
Rio Verde,2019,8,8,2019-08-08,65.8,1500,Verdão,2024-11-29 22:27:42
Formosa,2018,7,23,2018-07-23,18.76,1100,Descoberto,2024-11-29 22:27:42
Luziânia,2020,5,8,2020-05-08,58.85,3400,Corumbá IV,2024-11-29 22:27:42
Jataí,2017,6,23,2017-06-23,23.59,1400,Paranaíba,2024-11-29 22:27:42
Rio Verde,2017,4,16,2017-04-16,34.98,1500,Verdão,2024-11-29 22:27:42
Formosa,2023,2,15,2023-02-15,19.58,1100,Descoberto,2024-11-29 22:27:42
Goiânia,2021,2,2,2021-02-02,35.0,4100,Meia Ponte,2024-11-29 22:27:42
Rio Verde,2017,6,14,2017-06-14,87.42,1500,Verdão,2024-11-29 22:27:42
Rio Verde,2023,11,26,2023-11-26,41.84,1500,Verdão,2024-11-29 22:27:42
Itumbiara,2019,4,30,2019-04-30,55.05,17000,Itumbiara,2024-11-29 22:27:42
Rio Verde,2019,6,12,2019-06-12,41.58,1500,Verdão,2024-11-29 22:27:42
Luziânia,2017,3,23,2017-03-23,25.06,3400,Corumbá IV,2024-11-29 22:27:42
Formosa,2017,4,13,2017-04-13,42.21,1100,Descoberto,2024-11-29 22:27:42
Senador Canedo,2020,9,5,2020-09-05,26.79,800,Samambaia,2024-11-29 22:27:42
Formosa,2022,1,3,2022-01-03,85.53,1100,Descoberto,2024-11-29 22:27:42
Jataí,2019,3,2,2019-03-02,28.14,1400,Paranaíba,2024-11-29 22:27:42
Jataí,2017,11,13,2017-11-13,67.42,1400,Paranaíba,2024-11-29 22:27:42
Rio Verde,2018,5,20,2018-05-20,41.96,1500,Verdão,2024-11-29 22:27:42
Luziânia,2017,11,9,2017-11-09,93.19,3400,Corumbá IV,2024-11-29 22:27:42
Formosa,2018,3,8,2018-03-08,91.22,1100,Descoberto,2024-11-29 22:27:42
Jataí,2023,5,15,2023-05-15,35.84,1400,Paranaíba,2024-11-29 22:27:42
Águas Lindas de Goiás,2018,12,31,2018-12-31,86.8,2900,Brasília,2024-11-29 22:27:42
Águas Lindas de Goiás,2024,1,1,2024-01-01,6.8,2900,Brasília,2024-11-29 22:27:42
Goiânia,2017,4,9,2017-04-09,37.11,4100,Meia Ponte,2024-11-29 22:27:42
Rio Verde,2021,2,12,2021-02-12,95.72,1500,Verdão,2024-11-29 22:27:42
Goiânia,2018,2,25,2018-02-25,54.89,4100,Meia Ponte,2024-11-29 22:27:42
Águas Lindas de Goiás,2019,1,10,2019-01-10,34.36,2900,Brasília,2024-11-29 22:27:42
Catalão,2017,4,24,2017-04-24,88.23,1200,Batalha,2024-11-29 22:27:42
Luziânia,2024,7,7,2024-07-07,9.94,3400,Corumbá IV,2024-11-29 22:27:42
Goiânia,2024,10,29,2024-10-29,42.97,4100,Meia Ponte,2024-11-29 22:27:42
Formosa,2019,9,12,2019-09-12,71.88,1100,Descoberto,2024-11-29 22:27:42
Anápolis,2018,1,29,2018-01-29,60.01,2200,Capivari,2024-11-29 22:27:42
Rio Verde,2023,2,7,2023-02-07,2.46,1500,Verdão,2024-11-29 22:27:42
Águas Lindas de Goiás,2022,8,29,2022-08-29,62.12,2900,Brasília,2024-11-29 22:27:42
Itumbiara,2024,2,17,2024-02-17,12.97,17000,Itumbiara,2024-11-29 22:27:42
Itumbiara,2022,6,4,2022-06-04,34.74,17000,Itumbiara,2024-11-29 22:27:42
Águas Lindas de Goiás,2017,11,25,2017-11-25,59.65,2900,Brasília,2024-11-29 22:27:42
Senador Canedo,2018,12,20,2018-12-20,35.69,800,Samambaia,2024-11-29 22:27:42
Luziânia,2022,6,28,2022-06-28,47.54,3400,Corumbá IV,2024-11-29 22:27:42
Senador Canedo,2018,9,15,2018-09-15,0.51,800,Samambaia,2024-11-29 22:27:42
Águas Lindas de Goiás,2020,7,29,2020-07-29,76.68,2900,Brasília,2024-11-29 22:27:42
Catalão,2024,5,29,2024-05-29,66.73,1200,Batalha,2024-11-29 22:27:42
Senador Canedo,2023,1,25,2023-01-25,3.42,800,Samambaia,2024-11-29 22:27:42
Anápolis,2024,7,23,2024-07-23,45.7,2200,Capivari,2024-11-29 22:27:42
Luziânia,2023,6,30,2023-06-30,73.22,3400,Corumbá IV,2024-11-29 22:27:42
Águas Lindas de Goiás,2018,11,29,2018-11-29,71.38,2900,Brasília,2024-11-29 22:27:42
Catalão,2017,7,3,2017-07-03,57.47,1200,Batalha,2024-11-29 22:27:42
Águas Lindas de Goiás,2020,2,10,2020-02-10,58.29,2900,Brasília,2024-11-29 22:27:42
Itumbiara,2018,5,24,2018-05-24,79.68,17000,Itumbiara,2024-11-29 22:27:42
Rio Verde,2020,6,16,2020-06-16,53.25,1500,Verdão,2024-11-29 22:27:42
Anápolis,2018,8,1,2018-08-01,78.37,2200,Capivari,2024-11-29 22:27:42
Senador Canedo,2020,2,18,2020-02-18,75.33,800,Samambaia,2024-11-29 22:27:42
Formosa,2019,9,27,2019-09-27,38.83,1100,Descoberto,2024-11-29 22:27:42
Itumbiara,2019,2,10,2019-02-10,64.58,17000,Itumbiara,2024-11-29 22:27:42
Anápolis,2022,7,30,2022-07-30,4.32,2200,Capivari,2024-11-29 22:27:42
Catalão,2018,9,9,2018-09-09,92.27,1200,Batalha,2024-11-29 22:27:42
Águas Lindas de Goiás,2019,8,15,2019-08-15,1.55,2900,Brasília,2024-11-29 22:27:42
Catalão,2023,3,15,2023-03-15,73.24,1200,Batalha,2024-11-29 22:27:42
Itumbiara,2017,11,6,2017-11-06,29.66,17000,Itumbiara,2024-11-29 22:27:42
Águas Lindas de Goiás,2022,12,25,2022-12-25,31.46,2900,Brasília,2024-11-29 22:27:42
Senador Canedo,2019,10,5,2019-10-05,97.37,800,Samambaia,2024-11-29 22:27:42
Itumbiara,2024,1,25,2024-01-25,36.71,17000,Itumbiara,2024-11-29 22:27:42
Rio Verde,2024,12,6,2024-12-06,39.99,1500,Verdão,2024-11-29 22:27:42
Goiânia,2019,10,12,2019-10-12,33.39,4100,Meia Ponte,2024-11-29 22:27:42
Jataí,2020,3,17,2020-03-17,23.46,1400,Paranaíba,2024-11-29 22:27:42
Goiânia,2017,8,28,2017-08-28,70.57,4100,Meia Ponte,2024-11-29 22:27:42
Goiânia,2019,11,11,2019-11-11,68.35,4100,Meia Ponte,2024-11-29 22:27:42
Jataí,2019,2,21,2019-02-21,31.16,1400,Paranaíba,2024-11-29 22:27:42
Itumbiara,2023,12,24,2023-12-24,52.96,17000,Itumbiara,2024-11-29 22:27:42
Luziânia,2019,9,16,2019-09-16,13.75,3400,Corumbá IV,2024-11-29 22:27:42
Catalão,2019,10,4,2019-10-04,97.83,1200,Batalha,2024-11-29 22:27:42
Jataí,2019,1,30,2019-01-30,14.5,1400,Paranaíba,2024-11-29 22:27:42
Formosa,2018,5,7,2018-05-07,56.42,1100,Descoberto,2024-11-29 22:27:42
Anápolis,2024,7,25,2024-07-25,48.7,2200,Capivari,2024-11-29 22:27:42
Rio Verde,2024,8,4,2024-08-04,11.84,1500,Verdão,2024-11-29 22:27:42
Luziânia,2024,6,20,2024-06-20,51.28,3400,Corumbá IV,2024-11-29 22:27:42
Jataí,2021,12,2,2021-12-02,1.74,1400,Paranaíba,2024-11-29 22:27:42
Itumbiara,2017,8,1,2017-08-01,9.4,17000,Itumbiara,2024-11-29 22:27:42
Águas Lindas de Goiás,2018,6,9,2018-06-09,48.58,2900,Brasília,2024-11-29 22:27:42
Catalão,2024,11,7,2024-11-07,26.0,1200,Batalha,2024-11-29 22:27:42
Catalão,2020,8,31,2020-08-31,99.6,1200,Batalha,2024-11-29 22:27:42
Águas Lindas de Goiás,2021,1,22,2021-01-22,66.76,2900,Brasília,2024-11-29 22:27:42
Luziânia,2017,12,5,2017-12-05,85.97,3400,Corumbá IV,2024-11-29 22:27:42
Itumbiara,2019,6,18,2019-06-18,16.74,17000,Itumbiara,2024-11-29 22:27:42
Luziânia,2018,8,26,2018-08-26,64.67,3400,Corumbá IV,2024-11-29 22:27:42
Senador Canedo,2024,7,3,2024-07-03,89.03,800,Samambaia,2024-11-29 22:27:42
Luziânia,2021,10,2,2021-10-02,80.78,3400,Corumbá IV,2024-11-29 22:27:42
Goiânia,2018,5,17,2018-05-17,36.13,4100,Meia Ponte,2024-11-29 22:27:42
Senador Canedo,2023,8,10,2023-08-10,57.89,800,Samambaia,2024-11-29 22:27:42
Anápolis,2017,3,8,2017-03-08,69.98,2200,Capivari,2024-11-29 22:27:42
Itumbiara,2017,9,9,2017-09-09,46.91,17000,Itumbiara,2024-11-29 22:27:42
Anápolis,2021,12,18,2021-12-18,78.35,2200,Capivari,2024-11-29 22:27:42
Águas Lindas de Goiás,2021,3,5,2021-03-05,18.22,2900,Brasília,2024-11-29 22:27:42
Rio Verde,2018,8,21,2018-08-21,17.04,1500,Verdão,2024-11-29 22:27:42
Catalão,2020,2,10,2020-02-10,76.98,1200,Batalha,2024-11-29 22:27:42
Formosa,2019,12,15,2019-12-15,26.82,1100,Descoberto,2024-11-29 22:27:42
Jataí,2017,12,30,2017-12-30,47.87,1400,Paranaíba,2024-11-29 22:27:42
Jataí,2024,8,4,2024-08-04,57.01,1400,Paranaíba,2024-11-29 22:27:42
Catalão,2024,11,7,2024-11-07,31.41,1200,Batalha,2024-11-29 22:27:42
Rio Verde,2021,1,23,2021-01-23,54.83,1500,Verdão,2024-11-29 22:27:42
Rio Verde,2023,9,20,2023-09-20,3.02,1500,Verdão,2024-11-29 22:27:42
Jataí,2021,9,19,2021-09-19,34.87,1400,Paranaíba,2024-11-29 22:27:42
Jataí,2020,6,14,2020-06-14,57.01,1400,Paranaíba,2024-11-29 22:27:42
Senador Canedo,2017,10,11,2017-10-11,75.37,800,Samambaia,2024-11-29 22:27:42
Senador Canedo,2021,11,14,2021-11-14,25.53,800,Samambaia,2024-11-29 22:27:42
Catalão,2021,3,16,2021-03-16,52.28,1200,Batalha,2024-11-29 22:27:42
Goiânia,2022,9,3,2022-09-03,42.87,4100,Meia Ponte,2024-11-29 22:27:42
Anápolis,2020,12,7,2020-12-07,25.18,2200,Capivari,2024-11-29 22:27:42
Jataí,2017,3,23,2017-03-23,64.6,1400,Paranaíba,2024-11-29 22:27:42
Itumbiara,2018,10,13,2018-10-13,47.79,17000,Itumbiara,2024-11-29 22:27:42
Anápolis,2023,8,7,2023-08-07,32.95,2200,Capivari,2024-11-29 22:27:42
Águas Lindas de Goiás,2017,1,7,2017-01-07,68.45,2900,Brasília,2024-11-29 22:27:42
Itumbiara,2022,8,5,2022-08-05,37.0,17000,Itumbiara,2024-11-29 22:27:42
Águas Lindas de Goiás,2018,6,22,2018-06-22,49.34,2900,Brasília,2024-11-29 22:27:42
Itumbiara,2020,12,29,2020-12-29,75.38,17000,Itumbiara,2024-11-29 22:27:42
Senador Canedo,2017,4,8,2017-04-08,53.74,800,Samambaia,2024-11-29 22:27:42
Formosa,2021,2,4,2021-02-04,0.45,1100,Descoberto,2024-11-29 22:27:42
Anápolis,2024,11,25,2024-11-25,3.49,2200,Capivari,2024-11-29 22:27:42
Jataí,2022,6,19,2022-06-19,97.6,1400,Paranaíba,2024-11-29 22:27:42
Águas Lindas de Goiás,2018,7,23,2018-07-23,78.47,2900,Brasília,2024-11-29 22:27:42
Jataí,2020,7,17,2020-07-17,86.13,1400,Paranaíba,2024-11-29 22:27:42
Catalão,2022,12,10,2022-12-10,63.18,1200,Batalha,2024-11-29 22:27:42
Jataí,2023,12,28,2023-12-28,16.01,1400,Paranaíba,2024-11-29 22:27:42
Formosa,2019,8,8,2019-08-08,69.59,1100,Descoberto,2024-11-29 22:27:42
Formosa,2024,2,14,2024-02-14,78.18,1100,Descoberto,2024-11-29 22:27:42
Águas Lindas de Goiás,2019,11,9,2019-11-09,88.7,2900,Brasília,2024-11-29 22:27:42
Catalão,2017,8,15,2017-08-15,29.66,1200,Batalha,2024-11-29 22:27:42
Jataí,2022,12,25,2022-12-25,60.65,1400,Paranaíba,2024-11-29 22:27:42
Formosa,2024,6,5,2024-06-05,35.79,1100,Descoberto,2024-11-29 22:27:42
Formosa,2021,8,1,2021-08-01,58.63,1100,Descoberto,2024-11-29 22:27:42
Rio Verde,2020,11,23,2020-11-23,41.51,1500,Verdão,2024-11-29 22:27:42
Luziânia,2023,8,21,2023-08-21,83.82,3400,Corumbá IV,2024-11-29 22:27:42
Águas Lindas de Goiás,2018,5,5,2018-05-05,97.37,2900,Brasília,2024-11-29 22:27:42
Goiânia,2020,8,7,2020-08-07,49.92,4100,Meia Ponte,2024-11-29 22:27:42
Anápolis,2023,12,15,2023-12-15,83.36,2200,Capivari,2024-11-29 22:27:42
Catalão,2021,1,14,2021-01-14,32.58,1200,Batalha,2024-11-29 22:27:42
Itumbiara,2020,4,15,2020-04-15,62.33,17000,Itumbiara,2024-11-29 22:27:42
Catalão,2019,4,10,2019-04-10,98.77,1200,Batalha,2024-11-29 22:27:42
Formosa,2019,9,24,2019-09-24,68.19,1100,Descoberto,2024-11-29 22:27:42
Goiânia,2020,6,30,2020-06-30,36.91,4100,Meia Ponte,2024-11-29 22:27:42
Formosa,2022,5,20,2022-05-20,60.45,1100,Descoberto,2024-11-29 22:27:42
Itumbiara,2023,12,25,2023-12-25,10.45,17000,Itumbiara,2024-11-29 22:27:42
Senador Canedo,2017,2,26,2017-02-26,17.62,800,Samambaia,2024-11-29 22:27:42
Formosa,2022,9,14,2022-09-14,56.49,1100,Descoberto,2024-11-29 22:27:42
Anápolis,2019,7,31,2019-07-31,33.54,2200,Capivari,2024-11-29 22:27:42
Formosa,2022,3,22,2022-03-22,65.5,1100,Descoberto,2024-11-29 22:27:42
Anápolis,2017,9,12,2017-09-12,30.8,2200,Capivari,2024-11-29 22:27:42
Itumbiara,2019,8,13,2019-08-13,75.26,17000,Itumbiara,2024-11-29 22:27:42
Jataí,2019,4,28,2019-04-28,43.1,1400,Paranaíba,2024-11-29 22:27:42
Catalão,2018,7,2,2018-07-02,39.11,1200,Batalha,2024-11-29 22:27:42
Luziânia,2017,8,6,2017-08-06,33.32,3400,Corumbá IV,2024-11-29 22:27:42
Anápolis,2022,10,9,2022-10-09,51.33,2200,Capivari,2024-11-29 22:27:42
Goiânia,2021,2,8,2021-02-08,15.74,4100,Meia Ponte,2024-11-29 22:27:42
Itumbiara,2022,7,5,2022-07-05,25.13,17000,Itumbiara,2024-11-29 22:27:42
Anápolis,2023,7,2,2023-07-02,58.56,2200,Capivari,2024-11-29 22:27:42
Goiânia,2020,8,7,2020-08-07,76.67,4100,Meia Ponte,2024-11-29 22:27:42
Formosa,2021,7,20,2021-07-20,31.33,1100,Descoberto,2024-11-29 22:27:42
Itumbiara,2017,8,11,2017-08-11,27.67,17000,Itumbiara,2024-11-29 22:27:42
Anápolis,2018,7,10,2018-07-10,80.06,2200,Capivari,2024-11-29 22:27:42
Formosa,2023,1,2,2023-01-02,97.47,1100,Descoberto,2024-11-29 22:27:42
Itumbiara,2023,10,27,2023-10-27,11.7,17000,Itumbiara,2024-11-29 22:27:42
Catalão,2019,1,10,2019-01-10,65.74,1200,Batalha,2024-11-29 22:27:42
Formosa,2019,9,26,2019-09-26,4.35,1100,Descoberto,2024-11-29 22:27:42
Goiânia,2022,8,22,2022-08-22,83.74,4100,Meia Ponte,2024-11-29 22:27:42
Senador Canedo,2017,5,13,2017-05-13,12.01,800,Samambaia,2024-11-29 22:27:42
Formosa,2018,11,3,2018-11-03,33.4,1100,Descoberto,2024-11-29 22:27:42
Catalão,2024,12,29,2024-12-29,84.8,1200,Batalha,2024-11-29 22:27:42
Jataí,2022,12,2,2022-12-02,71.56,1400,Paranaíba,2024-11-29 22:27:42
Senador Canedo,2019,12,8,2019-12-08,94.87,800,Samambaia,2024-11-29 22:27:42
Rio Verde,2019,9,10,2019-09-10,20.97,1500,Verdão,2024-11-29 22:27:42
Senador Canedo,2020,1,25,2020-01-25,89.24,800,Samambaia,2024-11-29 22:27:42
Goiânia,2018,12,22,2018-12-22,59.37,4100,Meia Ponte,2024-11-29 22:27:42
Águas Lindas de Goiás,2023,11,4,2023-11-04,9.18,2900,Brasília,2024-11-29 22:27:42
Senador Canedo,2019,7,14,2019-07-14,65.02,800,Samambaia,2024-11-29 22:27:42
Rio Verde,2018,7,31,2018-07-31,80.84,1500,Verdão,2024-11-29 22:27:42
Formosa,2020,11,13,2020-11-13,4.9,1100,Descoberto,2024-11-29 22:27:42
Luziânia,2017,3,17,2017-03-17,10.92,3400,Corumbá IV,2024-11-29 22:27:42
Anápolis,2020,10,27,2020-10-27,92.76,2200,Capivari,2024-11-29 22:27:42
Jataí,2023,9,10,2023-09-10,57.05,1400,Paranaíba,2024-11-29 22:27:42
Itumbiara,2017,9,25,2017-09-25,54.52,17000,Itumbiara,2024-11-29 22:27:42
Itumbiara,2020,5,4,2020-05-04,91.92,17000,Itumbiara,2024-11-29 22:27:42
Itumbiara,2020,10,26,2020-10-26,20.05,17000,Itumbiara,2024-11-29 22:27:42
Itumbiara,2018,10,20,2018-10-20,61.93,17000,Itumbiara,2024-11-29 22:27:42
Itumbiara,2018,3,16,2018-03-16,8.49,17000,Itumbiara,2024-11-29 22:27:42
Luziânia,2023,10,26,2023-10-26,78.04,3400,Corumbá IV,2024-11-29 22:27:42
Luziânia,2019,1,24,2019-01-24,58.83,3400,Corumbá IV,2024-11-29 22:27:42
Águas Lindas de Goiás,2019,9,18,2019-09-18,5.02,2900,Brasília,2024-11-29 22:27:42
Luziânia,2023,4,25,2023-04-25,70.9,3400,Corumbá IV,2024-11-29 22:27:42
Catalão,2023,6,22,2023-06-22,52.32,1200,Batalha,2024-11-29 22:27:42
Rio Verde,2018,9,18,2018-09-18,16.83,1500,Verdão,2024-11-29 22:27:42
Águas Lindas de Goiás,2018,3,18,2018-03-18,57.52,2900,Brasília,2024-11-29 22:27:42
Rio Verde,2019,10,12,2019-10-12,5.81,1500,Verdão,2024-11-29 22:27:42
Jataí,2021,3,13,2021-03-13,87.91,1400,Paranaíba,2024-11-29 22:27:42
Itumbiara,2023,11,12,2023-11-12,49.27,17000,Itumbiara,2024-11-29 22:27:42
Rio Verde,2023,12,5,2023-12-05,11.79,1500,Verdão,2024-11-29 22:27:42
Itumbiara,2019,7,14,2019-07-14,13.46,17000,Itumbiara,2024-11-29 22:27:42
Itumbiara,2017,1,20,2017-01-20,93.8,17000,Itumbiara,2024-11-29 22:27:42
Jataí,2019,2,20,2019-02-20,73.61,1400,Paranaíba,2024-11-29 22:27:42
Jataí,2022,3,16,2022-03-16,89.38,1400,Paranaíba,2024-11-29 22:27:42
Jataí,2019,11,22,2019-11-22,55.17,1400,Paranaíba,2024-11-29 22:27:42
Jataí,2020,3,15,2020-03-15,67.13,1400,Paranaíba,2024-11-29 22:27:42
Anápolis,2023,2,12,2023-02-12,11.86,2200,Capivari,2024-11-29 22:27:42
Luziânia,2022,3,1,2022-03-01,42.79,3400,Corumbá IV,2024-11-29 22:27:42
Formosa,2020,11,30,2020-11-30,90.54,1100,Descoberto,2024-11-29 22:27:42
Goiânia,2021,8,31,2021-08-31,27.79,4100,Meia Ponte,2024-11-29 22:27:42
Catalão,2021,10,25,2021-10-25,80.63,1200,Batalha,2024-11-29 22:27:42
Rio Verde,2023,2,5,2023-02-05,97.57,1500,Verdão,2024-11-29 22:27:42
Rio Verde,2024,1,28,2024-01-28,66.89,1500,Verdão,2024-11-29 22:27:42
Senador Canedo,2024,9,14,2024-09-14,7.82,800,Samambaia,2024-11-29 22:27:42
Rio Verde,2018,7,8,2018-07-08,64.96,1500,Verdão,2024-11-29 22:27:42
Goiânia,2024,8,27,2024-08-27,85.86,4100,Meia Ponte,2024-11-29 22:27:42
Formosa,2018,5,12,2018-05-12,11.67,1100,Descoberto,2024-11-29 22:27:42
Formosa,2022,6,2,2022-06-02,78.06,1100,Descoberto,2024-11-29 22:27:42
Itumbiara,2020,3,13,2020-03-13,60.42,17000,Itumbiara,2024-11-29 22:27:42
Formosa,2020,7,25,2020-07-25,46.75,1100,Descoberto,2024-11-29 22:27:42
Formosa,2023,3,20,2023-03-20,61.38,1100,Descoberto,2024-11-29 22:27:42
Luziânia,2020,10,19,2020-10-19,37.35,3400,Corumbá IV,2024-11-29 22:27:42
Senador Canedo,2024,2,2,2024-02-02,51.36,800,Samambaia,2024-11-29 22:27:42
Rio Verde,2018,4,10,2018-04-10,58.72,1500,Verdão,2024-11-29 22:27:42
Anápolis,2017,10,31,2017-10-31,10.27,2200,Capivari,2024-11-29 22:27:42
Formosa,2023,6,2,2023-06-02,73.62,1100,Descoberto,2024-11-29 22:27:42
Luziânia,2019,7,18,2019-07-18,41.55,3400,Corumbá IV,2024-11-29 22:27:42
Anápolis,2019,4,28,2019-04-28,12.59,2200,Capivari,2024-11-29 22:27:42
Jataí,2019,9,25,2019-09-25,64.87,1400,Paranaíba,2024-11-29 22:27:42
Senador Canedo,2023,9,15,2023-09-15,90.73,800,Samambaia,2024-11-29 22:27:42
Goiânia,2018,11,11,2018-11-11,84.38,4100,Meia Ponte,2024-11-29 22:27:42
Rio Verde,2017,11,30,2017-11-30,55.94,1500,Verdão,2024-11-29 22:27:42
Goiânia,2018,4,22,2018-04-22,95.81,4100,Meia Ponte,2024-11-29 22:27:42
Goiânia,2018,9,29,2018-09-29,40.09,4100,Meia Ponte,2024-11-29 22:27:42
Anápolis,2017,12,7,2017-12-07,8.93,2200,Capivari,2024-11-29 22:27:42
Anápolis,2017,5,31,2017-05-31,51.2,2200,Capivari,2024-11-29 22:27:42
Anápolis,2023,11,5,2023-11-05,83.48,2200,Capivari,2024-11-29 22:27:42
Luziânia,2018,11,8,2018-11-08,7.68,3400,Corumbá IV,2024-11-29 22:27:42
Catalão,2019,1,9,2019-01-09,11.61,1200,Batalha,2024-11-29 22:27:42
Senador Canedo,2023,5,18,2023-05-18,42.22,800,Samambaia,2024-11-29 22:27:42
Formosa,2023,1,23,2023-01-23,62.46,1100,Descoberto,2024-11-29 22:27:42
Luziânia,2020,6,13,2020-06-13,36.3,3400,Corumbá IV,2024-11-29 22:27:42
Águas Lindas de Goiás,2019,2,6,2019-02-06,99.08,2900,Brasília,2024-11-29 22:27:42
Luziânia,2021,11,10,2021-11-10,0.01,3400,Corumbá IV,2024-11-29 22:27:42
Catalão,2018,6,8,2018-06-08,46.62,1200,Batalha,2024-11-29 22:27:42
Águas Lindas de Goiás,2019,4,5,2019-04-05,67.16,2900,Brasília,2024-11-29 22:27:42
Formosa,2019,1,16,2019-01-16,59.9,1100,Descoberto,2024-11-29 22:27:42
Luziânia,2019,9,1,2019-09-01,13.04,3400,Corumbá IV,2024-11-29 22:27:42
Rio Verde,2020,12,3,2020-12-03,56.44,1500,Verdão,2024-11-29 22:27:42
Formosa,2024,10,2,2024-10-02,3.63,1100,Descoberto,2024-11-29 22:27:42
Águas Lindas de Goiás,2024,8,20,2024-08-20,90.87,2900,Brasília,2024-11-29 22:27:42
Luziânia,2019,9,24,2019-09-24,18.95,3400,Corumbá IV,2024-11-29 22:27:42
Itumbiara,2022,8,15,2022-08-15,2.21,17000,Itumbiara,2024-11-29 22:27:42
Senador Canedo,2024,6,6,2024-06-06,55.56,800,Samambaia,2024-11-29 22:27:42
Jataí,2018,12,9,2018-12-09,83.26,1400,Paranaíba,2024-11-29 22:27:42
Rio Verde,2017,4,5,2017-04-05,48.16,1500,Verdão,2024-11-29 22:27:42
Águas Lindas de Goiás,2017,9,13,2017-09-13,16.02,2900,Brasília,2024-11-29 22:27:42
Luziânia,2024,2,25,2024-02-25,84.31,3400,Corumbá IV,2024-11-29 22:27:42
Jataí,2019,7,11,2019-07-11,87.81,1400,Paranaíba,2024-11-29 22:27:42
Águas Lindas de Goiás,2021,4,20,2021-04-20,99.99,2900,Brasília,2024-11-29 22:27:42
Luziânia,2018,10,27,2018-10-27,98.56,3400,Corumbá IV,2024-11-29 22:27:42
Anápolis,2022,7,30,2022-07-30,79.84,2200,Capivari,2024-11-29 22:27:42
Catalão,2022,8,11,2022-08-11,54.22,1200,Batalha,2024-11-29 22:27:42
Senador Canedo,2024,5,13,2024-05-13,23.0,800,Samambaia,2024-11-29 22:27:42
Jataí,2024,3,11,2024-03-11,37.99,1400,Paranaíba,2024-11-29 22:27:42
Formosa,2022,4,16,2022-04-16,32.37,1100,Descoberto,2024-11-29 22:27:42
Luziânia,2019,7,23,2019-07-23,57.09,3400,Corumbá IV,2024-11-29 22:27:42
Águas Lindas de Goiás,2023,2,23,2023-02-23,79.1,2900,Brasília,2024-11-29 22:27:42
Catalão,2021,12,24,2021-12-24,28.66,1200,Batalha,2024-11-29 22:27:42
Senador Canedo,2017,5,8,2017-05-08,9.63,800,Samambaia,2024-11-29 22:27:42
Anápolis,2018,7,22,2018-07-22,65.58,2200,Capivari,2024-11-29 22:27:42
Catalão,2018,5,2,2018-05-02,46.66,1200,Batalha,2024-11-29 22:27:42
Formosa,2019,1,27,2019-01-27,28.78,1100,Descoberto,2024-11-29 22:27:42
Formosa,2020,5,13,2020-05-13,75.97,1100,Descoberto,2024-11-29 22:27:42
Catalão,2024,1,8,2024-01-08,46.53,1200,Batalha,2024-11-29 22:27:42
Águas Lindas de Goiás,2017,3,27,2017-03-27,41.85,2900,Brasília,2024-11-29 22:27:42
Formosa,2024,1,13,2024-01-13,33.56,1100,Descoberto,2024-11-29 22:27:42
Catalão,2022,4,22,2022-04-22,52.33,1200,Batalha,2024-11-29 22:27:42
Goiânia,2020,11,3,2020-11-03,46.31,4100,Meia Ponte,2024-11-29 22:27:42
Jataí,2017,5,11,2017-05-11,85.02,1400,Paranaíba,2024-11-29 22:27:42
Jataí,2023,10,14,2023-10-14,26.32,1400,Paranaíba,2024-11-29 22:27:42
Catalão,2024,1,31,2024-01-31,98.71,1200,Batalha,2024-11-29 22:27:42
Águas Lindas de Goiás,2017,2,24,2017-02-24,18.48,2900,Brasília,2024-11-29 22:27:42
Catalão,2017,4,18,2017-04-18,90.88,1200,Batalha,2024-11-29 22:27:42
Luziânia,2021,11,6,2021-11-06,61.11,3400,Corumbá IV,2024-11-29 22:27:42
Jataí,2023,8,12,2023-08-12,49.57,1400,Paranaíba,2024-11-29 22:27:42
Formosa,2019,8,11,2019-08-11,90.98,1100,Descoberto,2024-11-29 22:27:42
Catalão,2023,9,19,2023-09-19,67.32,1200,Batalha,2024-11-29 22:27:42
Luziânia,2021,5,29,2021-05-29,83.92,3400,Corumbá IV,2024-11-29 22:27:42
Águas Lindas de Goiás,2024,11,25,2024-11-25,93.94,2900,Brasília,2024-11-29 22:27:42
Águas Lindas de Goiás,2022,11,4,2022-11-04,42.23,2900,Brasília,2024-11-29 22:27:42
Goiânia,2017,10,18,2017-10-18,4.16,4100,Meia Ponte,2024-11-29 22:27:42
Goiânia,2020,6,9,2020-06-09,20.18,4100,Meia Ponte,2024-11-29 22:27:42
Catalão,2022,8,14,2022-08-14,36.82,1200,Batalha,2024-11-29 22:27:42
Águas Lindas de Goiás,2017,6,18,2017-06-18,87.13,2900,Brasília,2024-11-29 22:27:42
Águas Lindas de Goiás,2021,6,22,2021-06-22,16.24,2900,Brasília,2024-11-29 22:27:42
Jataí,2019,4,2,2019-04-02,6.39,1400,Paranaíba,2024-11-29 22:27:42
Luziânia,2024,11,23,2024-11-23,42.11,3400,Corumbá IV,2024-11-29 22:27:42
Itumbiara,2024,1,7,2024-01-07,16.49,17000,Itumbiara,2024-11-29 22:27:42
Jataí,2019,12,24,2019-12-24,76.59,1400,Paranaíba,2024-11-29 22:27:42
Goiânia,2020,12,14,2020-12-14,25.95,4100,Meia Ponte,2024-11-29 22:27:42
Anápolis,2021,3,6,2021-03-06,52.89,2200,Capivari,2024-11-29 22:27:42
Formosa,2021,1,25,2021-01-25,58.17,1100,Descoberto,2024-11-29 22:27:42
Rio Verde,2017,9,27,2017-09-27,18.87,1500,Verdão,2024-11-29 22:27:42
Senador Canedo,2021,3,9,2021-03-09,37.81,800,Samambaia,2024-11-29 22:27:42
Luziânia,2020,3,1,2020-03-01,93.56,3400,Corumbá IV,2024-11-29 22:27:42
Águas Lindas de Goiás,2018,1,18,2018-01-18,41.21,2900,Brasília,2024-11-29 22:27:42
Formosa,2017,11,11,2017-11-11,29.05,1100,Descoberto,2024-11-29 22:27:42
Catalão,2017,11,3,2017-11-03,94.65,1200,Batalha,2024-11-29 22:27:42
Anápolis,2024,8,2,2024-08-02,59.57,2200,Capivari,2024-11-29 22:27:42
Jataí,2024,10,8,2024-10-08,37.86,1400,Paranaíba,2024-11-29 22:27:42
Anápolis,2020,3,31,2020-03-31,16.01,2200,Capivari,2024-11-29 22:27:42
Jataí,2023,11,19,2023-11-19,0.86,1400,Paranaíba,2024-11-29 22:27:42
Goiânia,2024,4,14,2024-04-14,56.36,4100,Meia Ponte,2024-11-29 22:27:42
Formosa,2024,6,8,2024-06-08,52.34,1100,Descoberto,2024-11-29 22:27:42
Senador Canedo,2020,1,30,2020-01-30,86.69,800,Samambaia,2024-11-29 22:27:42
Formosa,2020,5,2,2020-05-02,83.1,1100,Descoberto,2024-11-29 22:27:42
Águas Lindas de Goiás,2024,2,13,2024-02-13,33.21,2900,Brasília,2024-11-29 22:27:42
Luziânia,2022,7,27,2022-07-27,0.81,3400,Corumbá IV,2024-11-29 22:27:42
Catalão,2021,7,15,2021-07-15,48.42,1200,Batalha,2024-11-29 22:27:42
Anápolis,2020,10,3,2020-10-03,42.13,2200,Capivari,2024-11-29 22:27:42
Anápolis,2017,10,11,2017-10-11,50.75,2200,Capivari,2024-11-29 22:27:42
Águas Lindas de Goiás,2021,12,31,2021-12-31,90.46,2900,Brasília,2024-11-29 22:27:42
Catalão,2019,3,22,2019-03-22,60.75,1200,Batalha,2024-11-29 22:27:42
Goiânia,2022,8,27,2022-08-27,23.6,4100,Meia Ponte,2024-11-29 22:27:42
Jataí,2019,2,14,2019-02-14,61.11,1400,Paranaíba,2024-11-29 22:27:42
Anápolis,2019,8,1,2019-08-01,22.42,2200,Capivari,2024-11-29 22:27:42
Senador Canedo,2024,2,20,2024-02-20,60.4,800,Samambaia,2024-11-29 22:27:42
Senador Canedo,2021,2,19,2021-02-19,37.59,800,Samambaia,2024-11-29 22:27:42
Formosa,2022,5,8,2022-05-08,81.11,1100,Descoberto,2024-11-29 22:27:42
Águas Lindas de Goiás,2024,3,11,2024-03-11,60.34,2900,Brasília,2024-11-29 22:27:42
Jataí,2019,10,5,2019-10-05,74.49,1400,Paranaíba,2024-11-29 22:27:42
Itumbiara,2020,2,24,2020-02-24,31.37,17000,Itumbiara,2024-11-29 22:27:42
Rio Verde,2024,2,8,2024-02-08,34.21,1500,Verdão,2024-11-29 22:27:42
Rio Verde,2024,8,20,2024-08-20,6.34,1500,Verdão,2024-11-29 22:27:42
Águas Lindas de Goiás,2019,5,28,2019-05-28,20.26,2900,Brasília,2024-11-29 22:27:42
Anápolis,2017,4,22,2017-04-22,23.76,2200,Capivari,2024-11-29 22:27:42
Águas Lindas de Goiás,2017,7,12,2017-07-12,50.15,2900,Brasília,2024-11-29 22:27:42
Jataí,2017,6,7,2017-06-07,34.9,1400,Paranaíba,2024-11-29 22:27:42
Rio Verde,2023,8,20,2023-08-20,0.61,1500,Verdão,2024-11-29 22:27:42
Catalão,2018,5,17,2018-05-17,5.07,1200,Batalha,2024-11-29 22:27:42
Itumbiara,2023,12,23,2023-12-23,83.23,17000,Itumbiara,2024-11-29 22:27:42
Anápolis,2017,10,18,2017-10-18,85.08,2200,Capivari,2024-11-29 22:27:42
Rio Verde,2019,5,22,2019-05-22,38.5,1500,Verdão,2024-11-29 22:27:42
Anápolis,2019,5,18,2019-05-18,28.76,2200,Capivari,2024-11-29 22:27:42
Luziânia,2017,11,1,2017-11-01,8.88,3400,Corumbá IV,2024-11-29 22:27:42
Catalão,2023,11,15,2023-11-15,56.89,1200,Batalha,2024-11-29 22:27:42
Anápolis,2018,10,15,2018-10-15,22.24,2200,Capivari,2024-11-29 22:27:42
Catalão,2021,7,17,2021-07-17,37.77,1200,Batalha,2024-11-29 22:27:42
Formosa,2018,6,29,2018-06-29,81.53,1100,Descoberto,2024-11-29 22:27:42
Formosa,2023,12,15,2023-12-15,90.39,1100,Descoberto,2024-11-29 22:27:42
Formosa,2020,4,30,2020-04-30,67.59,1100,Descoberto,2024-11-29 22:27:42
Anápolis,2022,7,14,2022-07-14,99.83,2200,Capivari,2024-11-29 22:27:42
Jataí,2021,5,7,2021-05-07,19.91,1400,Paranaíba,2024-11-29 22:27:42
Águas Lindas de Goiás,2022,9,7,2022-09-07,72.97,2900,Brasília,2024-11-29 22:27:42
Rio Verde,2024,9,6,2024-09-06,33.81,1500,Verdão,2024-11-29 22:27:42
Anápolis,2019,2,21,2019-02-21,56.25,2200,Capivari,2024-11-29 22:27:42
Luziânia,2020,2,18,2020-02-18,6.74,3400,Corumbá IV,2024-11-29 22:27:42
Rio Verde,2017,12,2,2017-12-02,12.58,1500,Verdão,2024-11-29 22:27:42
Senador Canedo,2019,4,17,2019-04-17,85.57,800,Samambaia,2024-11-29 22:27:42
Senador Canedo,2023,12,15,2023-12-15,13.59,800,Samambaia,2024-11-29 22:27:42
Itumbiara,2018,11,13,2018-11-13,20.49,17000,Itumbiara,2024-11-29 22:27:42
Luziânia,2023,6,18,2023-06-18,33.25,3400,Corumbá IV,2024-11-29 22:27:42
Luziânia,2022,11,26,2022-11-26,90.22,3400,Corumbá IV,2024-11-29 22:27:42
Águas Lindas de Goiás,2024,10,3,2024-10-03,33.74,2900,Brasília,2024-11-29 22:27:42
Senador Canedo,2024,7,28,2024-07-28,43.27,800,Samambaia,2024-11-29 22:27:42
Senador Canedo,2022,11,23,2022-11-23,77.62,800,Samambaia,2024-11-29 22:27:42
Goiânia,2017,1,25,2017-01-25,31.12,4100,Meia Ponte,2024-11-29 22:27:42
Anápolis,2019,7,26,2019-07-26,18.74,2200,Capivari,2024-11-29 22:27:42
Luziânia,2024,5,27,2024-05-27,10.43,3400,Corumbá IV,2024-11-29 22:27:42
Jataí,2018,4,29,2018-04-29,89.04,1400,Paranaíba,2024-11-29 22:27:42
Goiânia,2024,7,4,2024-07-04,32.41,4100,Meia Ponte,2024-11-29 22:27:42
Luziânia,2021,7,21,2021-07-21,80.85,3400,Corumbá IV,2024-11-29 22:27:42
Itumbiara,2022,11,10,2022-11-10,69.83,17000,Itumbiara,2024-11-29 22:27:42
Senador Canedo,2021,1,3,2021-01-03,18.67,800,Samambaia,2024-11-29 22:27:42
Rio Verde,2017,11,28,2017-11-28,24.73,1500,Verdão,2024-11-29 22:27:42
Formosa,2020,11,22,2020-11-22,98.12,1100,Descoberto,2024-11-29 22:27:42
Goiânia,2018,4,30,2018-04-30,85.82,4100,Meia Ponte,2024-11-29 22:27:42
Anápolis,2024,5,7,2024-05-07,41.17,2200,Capivari,2024-11-29 22:27:42
Formosa,2017,1,3,2017-01-03,49.8,1100,Descoberto,2024-11-29 22:27:42
Itumbiara,2018,5,20,2018-05-20,46.11,17000,Itumbiara,2024-11-29 22:27:42
Jataí,2023,7,16,2023-07-16,29.0,1400,Paranaíba,2024-11-29 22:27:42
Luziânia,2019,2,16,2019-02-16,38.72,3400,Corumbá IV,2024-11-29 22:27:42
Anápolis,2022,10,22,2022-10-22,89.59,2200,Capivari,2024-11-29 22:27:42
Anápolis,2019,3,7,2019-03-07,75.46,2200,Capivari,2024-11-29 22:27:42
Senador Canedo,2023,10,1,2023-10-01,13.74,800,Samambaia,2024-11-29 22:27:42
Itumbiara,2019,9,29,2019-09-29,95.26,17000,Itumbiara,2024-11-29 22:27:42
Rio Verde,2023,11,28,2023-11-28,90.4,1500,Verdão,2024-11-29 22:27:42
Rio Verde,2019,4,20,2019-04-20,28.12,1500,Verdão,2024-11-29 22:27:42
Rio Verde,2021,12,16,2021-12-16,15.3,1500,Verdão,2024-11-29 22:27:42
Rio Verde,2021,6,29,2021-06-29,14.74,1500,Verdão,2024-11-29 22:27:42
Rio Verde,2019,3,27,2019-03-27,60.55,1500,Verdão,2024-11-29 22:27:42
Catalão,2021,5,5,2021-05-05,65.15,1200,Batalha,2024-11-29 22:27:42
Catalão,2017,6,9,2017-06-09,7.67,1200,Batalha,2024-11-29 22:27:42
Luziânia,2021,11,30,2021-11-30,71.19,3400,Corumbá IV,2024-11-29 22:27:42
Águas Lindas de Goiás,2022,9,19,2022-09-19,56.27,2900,Brasília,2024-11-29 22:27:42
Águas Lindas de Goiás,2021,8,4,2021-08-04,39.08,2900,Brasília,2024-11-29 22:27:42
Águas Lindas de Goiás,2018,5,10,2018-05-10,50.1,2900,Brasília,2024-11-29 22:27:42
Luziânia,2019,5,28,2019-05-28,11.59,3400,Corumbá IV,2024-11-29 22:27:42
Catalão,2020,11,11,2020-11-11,66.06,1200,Batalha,2024-11-29 22:27:42
Jataí,2018,9,8,2018-09-08,87.82,1400,Paranaíba,2024-11-29 22:27:42
Formosa,2019,7,27,2019-07-27,58.69,1100,Descoberto,2024-11-29 22:27:42
Jataí,2017,10,30,2017-10-30,88.72,1400,Paranaíba,2024-11-29 22:27:42
Goiânia,2019,7,11,2019-07-11,97.91,4100,Meia Ponte,2024-11-29 22:27:42
Rio Verde,2020,12,18,2020-12-18,65.59,1500,Verdão,2024-11-29 22:27:42
Anápolis,2023,3,24,2023-03-24,89.27,2200,Capivari,2024-11-29 22:27:42
Anápolis,2021,2,5,2021-02-05,0.22,2200,Capivari,2024-11-29 22:27:42
Senador Canedo,2018,7,1,2018-07-01,67.96,800,Samambaia,2024-11-29 22:27:42
Jataí,2024,1,6,2024-01-06,54.57,1400,Paranaíba,2024-11-29 22:27:42
Catalão,2017,1,5,2017-01-05,55.06,1200,Batalha,2024-11-29 22:27:42
Goiânia,2024,10,6,2024-10-06,83.55,4100,Meia Ponte,2024-11-29 22:27:42
Jataí,2017,11,19,2017-11-19,32.5,1400,Paranaíba,2024-11-29 22:27:42
Catalão,2023,6,4,2023-06-04,22.27,1200,Batalha,2024-11-29 22:27:42
Jataí,2021,10,2,2021-10-02,38.04,1400,Paranaíba,2024-11-29 22:27:42
Luziânia,2018,12,17,2018-12-17,49.58,3400,Corumbá IV,2024-11-29 22:27:42
Itumbiara,2019,7,1,2019-07-01,69.13,17000,Itumbiara,2024-11-29 22:27:42
Luziânia,2023,6,3,2023-06-03,9.07,3400,Corumbá IV,2024-11-29 22:27:42
Goiânia,2020,2,1,2020-02-01,18.27,4100,Meia Ponte,2024-11-29 22:27:42
Senador Canedo,2021,1,4,2021-01-04,70.23,800,Samambaia,2024-11-29 22:27:42
Itumbiara,2019,1,28,2019-01-28,61.14,17000,Itumbiara,2024-11-29 22:27:42
Águas Lindas de Goiás,2017,4,24,2017-04-24,49.58,2900,Brasília,2024-11-29 22:27:42
Itumbiara,2023,12,12,2023-12-12,56.64,17000,Itumbiara,2024-11-29 22:27:42
Luziânia,2019,8,7,2019-08-07,47.64,3400,Corumbá IV,2024-11-29 22:27:42
Catalão,2022,2,20,2022-02-20,4.31,1200,Batalha,2024-11-29 22:27:42
Rio Verde,2017,9,29,2017-09-29,83.63,1500,Verdão,2024-11-29 22:27:42
Formosa,2022,6,5,2022-06-05,15.43,1100,Descoberto,2024-11-29 22:27:42
Águas Lindas de Goiás,2023,9,22,2023-09-22,54.34,2900,Brasília,2024-11-29 22:27:42
Catalão,2019,12,27,2019-12-27,90.6,1200,Batalha,2024-11-29 22:27:42
Senador Canedo,2020,6,20,2020-06-20,94.01,800,Samambaia,2024-11-29 22:27:42
Senador Canedo,2024,6,8,2024-06-08,45.85,800,Samambaia,2024-11-29 22:27:42
Luziânia,2024,10,4,2024-10-04,90.94,3400,Corumbá IV,2024-11-29 22:27:42
Luziânia,2022,11,7,2022-11-07,56.79,3400,Corumbá IV,2024-11-29 22:27:42
Senador Canedo,2021,8,26,2021-08-26,83.63,800,Samambaia,2024-11-29 22:27:42
Águas Lindas de Goiás,2020,3,7,2020-03-07,12.6,2900,Brasília,2024-11-29 22:27:42
Águas Lindas de Goiás,2021,12,18,2021-12-18,69.17,2900,Brasília,2024-11-29 22:27:42
Goiânia,2023,5,18,2023-05-18,60.53,4100,Meia Ponte,2024-11-29 22:27:42
Anápolis,2018,6,15,2018-06-15,79.54,2200,Capivari,2024-11-29 22:27:42
Senador Canedo,2019,6,20,2019-06-20,81.17,800,Samambaia,2024-11-29 22:27:42
Rio Verde,2022,4,6,2022-04-06,28.22,1500,Verdão,2024-11-29 22:27:42
Goiânia,2023,2,27,2023-02-27,2.91,4100,Meia Ponte,2024-11-29 22:27:42
Jataí,2020,6,20,2020-06-20,72.32,1400,Paranaíba,2024-11-29 22:27:42
Rio Verde,2021,4,23,2021-04-23,70.54,1500,Verdão,2024-11-29 22:27:42
Catalão,2022,1,17,2022-01-17,69.26,1200,Batalha,2024-11-29 22:27:42
Catalão,2023,10,9,2023-10-09,28.59,1200,Batalha,2024-11-29 22:27:42
Itumbiara,2022,8,25,2022-08-25,3.18,17000,Itumbiara,2024-11-29 22:27:42
Rio Verde,2018,3,17,2018-03-17,31.65,1500,Verdão,2024-11-29 22:27:42
Goiânia,2022,10,6,2022-10-06,28.32,4100,Meia Ponte,2024-11-29 22:27:42
Goiânia,2021,4,17,2021-04-17,5.89,4100,Meia Ponte,2024-11-29 22:27:42
Senador Canedo,2024,7,25,2024-07-25,69.92,800,Samambaia,2024-11-29 22:27:42
Luziânia,2019,10,6,2019-10-06,50.23,3400,Corumbá IV,2024-11-29 22:27:42
Senador Canedo,2018,4,9,2018-04-09,67.5,800,Samambaia,2024-11-29 22:27:42
Itumbiara,2022,7,10,2022-07-10,69.27,17000,Itumbiara,2024-11-29 22:27:42
Luziânia,2022,3,2,2022-03-02,45.67,3400,Corumbá IV,2024-11-29 22:27:42
Goiânia,2017,7,15,2017-07-15,63.18,4100,Meia Ponte,2024-11-29 22:27:42
Anápolis,2017,9,20,2017-09-20,90.43,2200,Capivari,2024-11-29 22:27:42
Goiânia,2019,11,3,2019-11-03,58.79,4100,Meia Ponte,2024-11-29 22:27:42
Formosa,2017,2,11,2017-02-11,17.45,1100,Descoberto,2024-11-29 22:27:42
Jataí,2020,12,11,2020-12-11,57.11,1400,Paranaíba,2024-11-29 22:27:42
Catalão,2020,2,10,2020-02-10,67.06,1200,Batalha,2024-11-29 22:27:42
Jataí,2024,8,31,2024-08-31,50.29,1400,Paranaíba,2024-11-29 22:27:42
Goiânia,2018,3,18,2018-03-18,61.45,4100,Meia Ponte,2024-11-29 22:27:42
Jataí,2022,5,24,2022-05-24,58.95,1400,Paranaíba,2024-11-29 22:27:42
Formosa,2022,3,13,2022-03-13,73.07,1100,Descoberto,2024-11-29 22:27:42
Senador Canedo,2024,8,29,2024-08-29,16.59,800,Samambaia,2024-11-29 22:27:42
Catalão,2018,5,7,2018-05-07,10.36,1200,Batalha,2024-11-29 22:27:42
Águas Lindas de Goiás,2019,6,18,2019-06-18,12.05,2900,Brasília,2024-11-29 22:27:42
Goiânia,2023,10,11,2023-10-11,91.96,4100,Meia Ponte,2024-11-29 22:27:42
Luziânia,2018,8,25,2018-08-25,86.62,3400,Corumbá IV,2024-11-29 22:27:42
Senador Canedo,2018,4,23,2018-04-23,97.74,800,Samambaia,2024-11-29 22:27:42
Jataí,2019,3,12,2019-03-12,85.74,1400,Paranaíba,2024-11-29 22:27:42
Formosa,2019,12,11,2019-12-11,27.18,1100,Descoberto,2024-11-29 22:27:42
Goiânia,2024,1,16,2024-01-16,25.84,4100,Meia Ponte,2024-11-29 22:27:42
Itumbiara,2017,6,3,2017-06-03,55.57,17000,Itumbiara,2024-11-29 22:27:42
Itumbiara,2023,7,6,2023-07-06,80.15,17000,Itumbiara,2024-11-29 22:27:42
Luziânia,2022,12,14,2022-12-14,4.22,3400,Corumbá IV,2024-11-29 22:27:42
Goiânia,2020,3,28,2020-03-28,85.46,4100,Meia Ponte,2024-11-29 22:27:42
Goiânia,2018,4,2,2018-04-02,93.95,4100,Meia Ponte,2024-11-29 22:27:42
Anápolis,2017,3,14,2017-03-14,79.75,2200,Capivari,2024-11-29 22:27:42
Itumbiara,2022,11,26,2022-11-26,9.86,17000,Itumbiara,2024-11-29 22:27:42
Catalão,2017,4,23,2017-04-23,27.81,1200,Batalha,2024-11-29 22:27:42
Goiânia,2024,8,11,2024-08-11,30.3,4100,Meia Ponte,2024-11-29 22:27:42
Jataí,2020,2,21,2020-02-21,71.31,1400,Paranaíba,2024-11-29 22:27:42
Anápolis,2021,4,6,2021-04-06,69.21,2200,Capivari,2024-11-29 22:27:42
Catalão,2024,1,27,2024-01-27,26.15,1200,Batalha,2024-11-29 22:27:42
Rio Verde,2017,10,31,2017-10-31,8.39,1500,Verdão,2024-11-29 22:27:42
Catalão,2023,12,20,2023-12-20,88.94,1200,Batalha,2024-11-29 22:27:42
Itumbiara,2021,6,4,2021-06-04,49.32,17000,Itumbiara,2024-11-29 22:27:42
Senador Canedo,2021,4,7,2021-04-07,4.17,800,Samambaia,2024-11-29 22:27:42
Senador Canedo,2019,9,13,2019-09-13,90.1,800,Samambaia,2024-11-29 22:27:42
Anápolis,2017,2,6,2017-02-06,5.57,2200,Capivari,2024-11-29 22:27:42
Formosa,2019,5,28,2019-05-28,17.27,1100,Descoberto,2024-11-29 22:27:42
Catalão,2021,9,15,2021-09-15,91.11,1200,Batalha,2024-11-29 22:27:42
Jataí,2019,10,31,2019-10-31,95.77,1400,Paranaíba,2024-11-29 22:27:42
Luziânia,2021,2,10,2021-02-10,69.9,3400,Corumbá IV,2024-11-29 22:27:42
Águas Lindas de Goiás,2019,3,7,2019-03-07,79.88,2900,Brasília,2024-11-29 22:27:42
Itumbiara,2018,2,27,2018-02-27,34.94,17000,Itumbiara,2024-11-29 22:27:42
Catalão,2024,5,24,2024-05-24,47.36,1200,Batalha,2024-11-29 22:27:42
Anápolis,2021,8,13,2021-08-13,86.34,2200,Capivari,2024-11-29 22:27:42
Senador Canedo,2019,12,12,2019-12-12,1.87,800,Samambaia,2024-11-29 22:27:42
Goiânia,2019,12,20,2019-12-20,15.07,4100,Meia Ponte,2024-11-29 22:27:42
Jataí,2018,10,5,2018-10-05,75.36,1400,Paranaíba,2024-11-29 22:27:42
Formosa,2024,2,19,2024-02-19,91.1,1100,Descoberto,2024-11-29 22:27:42
Luziânia,2018,3,8,2018-03-08,98.67,3400,Corumbá IV,2024-11-29 22:27:42
Luziânia,2021,6,12,2021-06-12,31.43,3400,Corumbá IV,2024-11-29 22:27:42
Jataí,2024,3,27,2024-03-27,87.76,1400,Paranaíba,2024-11-29 22:27:42
Anápolis,2023,7,14,2023-07-14,52.34,2200,Capivari,2024-11-29 22:27:42
Jataí,2017,11,29,2017-11-29,16.36,1400,Paranaíba,2024-11-29 22:27:42
Formosa,2024,9,1,2024-09-01,74.71,1100,Descoberto,2024-11-29 22:27:42
Anápolis,2020,6,3,2020-06-03,32.29,2200,Capivari,2024-11-29 22:27:42
Luziânia,2018,12,2,2018-12-02,56.73,3400,Corumbá IV,2024-11-29 22:27:42
Luziânia,2017,7,14,2017-07-14,49.42,3400,Corumbá IV,2024-11-29 22:27:42
Luziânia,2022,2,24,2022-02-24,67.96,3400,Corumbá IV,2024-11-29 22:27:42
Rio Verde,2023,10,3,2023-10-03,24.95,1500,Verdão,2024-11-29 22:27:42
Catalão,2019,2,9,2019-02-09,45.36,1200,Batalha,2024-11-29 22:27:42
Catalão,2017,3,12,2017-03-12,15.27,1200,Batalha,2024-11-29 22:27:42
Águas Lindas de Goiás,2020,11,9,2020-11-09,62.78,2900,Brasília,2024-11-29 22:27:42
Itumbiara,2020,12,4,2020-12-04,11.5,17000,Itumbiara,2024-11-29 22:27:42
Senador Canedo,2019,7,10,2019-07-10,11.66,800,Samambaia,2024-11-29 22:27:42
Itumbiara,2020,1,25,2020-01-25,22.21,17000,Itumbiara,2024-11-29 22:27:42
Senador Canedo,2023,7,13,2023-07-13,71.42,800,Samambaia,2024-11-29 22:27:42
Jataí,2021,10,22,2021-10-22,52.24,1400,Paranaíba,2024-11-29 22:27:42
Rio Verde,2022,6,24,2022-06-24,89.98,1500,Verdão,2024-11-29 22:27:42
Catalão,2024,9,16,2024-09-16,14.54,1200,Batalha,2024-11-29 22:27:42
Itumbiara,2019,9,7,2019-09-07,89.03,17000,Itumbiara,2024-11-29 22:27:42
Luziânia,2022,6,18,2022-06-18,59.65,3400,Corumbá IV,2024-11-29 22:27:42
Jataí,2022,4,24,2022-04-24,78.87,1400,Paranaíba,2024-11-29 22:27:42
Águas Lindas de Goiás,2024,12,22,2024-12-22,14.12,2900,Brasília,2024-11-29 22:27:42
Rio Verde,2020,4,27,2020-04-27,76.08,1500,Verdão,2024-11-29 22:27:42
Goiânia,2017,6,19,2017-06-19,60.15,4100,Meia Ponte,2024-11-29 22:27:42
Rio Verde,2018,12,20,2018-12-20,68.81,1500,Verdão,2024-11-29 22:27:42
Luziânia,2024,12,2,2024-12-02,53.72,3400,Corumbá IV,2024-11-29 22:27:42
Formosa,2021,4,23,2021-04-23,13.07,1100,Descoberto,2024-11-29 22:27:42
Rio Verde,2021,7,14,2021-07-14,73.91,1500,Verdão,2024-11-29 22:27:42
Catalão,2023,9,9,2023-09-09,10.5,1200,Batalha,2024-11-29 22:27:42
Luziânia,2023,1,30,2023-01-30,78.22,3400,Corumbá IV,2024-11-29 22:27:42
Catalão,2021,1,20,2021-01-20,55.54,1200,Batalha,2024-11-29 22:27:42
Senador Canedo,2024,5,20,2024-05-20,11.81,800,Samambaia,2024-11-29 22:27:42
Formosa,2024,11,6,2024-11-06,5.58,1100,Descoberto,2024-11-29 22:27:42
Rio Verde,2022,1,24,2022-01-24,0.15,1500,Verdão,2024-11-29 22:27:42
Catalão,2024,2,1,2024-02-01,2.12,1200,Batalha,2024-11-29 22:27:42
Rio Verde,2022,4,23,2022-04-23,22.33,1500,Verdão,2024-11-29 22:27:42
Senador Canedo,2023,1,10,2023-01-10,11.52,800,Samambaia,2024-11-29 22:27:42
Águas Lindas de Goiás,2023,9,6,2023-09-06,83.75,2900,Brasília,2024-11-29 22:27:42
Catalão,2017,2,4,2017-02-04,79.49,1200,Batalha,2024-11-29 22:27:42
Itumbiara,2017,12,22,2017-12-22,71.96,17000,Itumbiara,2024-11-29 22:27:42
